Iteration,CPU Usage,Memory Usage,GPU Usage,FPS,Simulator,Model,Free to use,Open source software,ROS Compatibility,UI Functionality,Programming languages supported,Model format support,Physics engine support,OS Support,Community Support,Ease of Installation
1,40.9,4.1,0.0,23.08,Gazebo,Mavic Pro,Free for all use cases,Yes,Compatible with both ROS1 and ROS2,Provides a powerful user interface for designing and testing robotics,"C/C++, Python","SDF, URDF","ODE, Bullet, Simbody, DART","Linux (Ubuntu, Fedora), with limited support on macOS and Windows via Docker or Virtual Machine",Best,Difficult
2,42.2,4.1,0.0,25.21,Gazebo,Mavic Pro,Free for all use cases,Yes,Compatible with both ROS1 and ROS2,Provides a powerful user interface for designing and testing robotics,"C/C++, Python","SDF, URDF","ODE, Bullet, Simbody, DART","Linux (Ubuntu, Fedora), with limited support on macOS and Windows via Docker or Virtual Machine",Best,Difficult
3,44.4,4.1,0.0,26.46,Gazebo,Mavic Pro,Free for all use cases,Yes,Compatible with both ROS1 and ROS2,Provides a powerful user interface for designing and testing robotics,"C/C++, Python","SDF, URDF","ODE, Bullet, Simbody, DART","Linux (Ubuntu, Fedora), with limited support on macOS and Windows via Docker or Virtual Machine",Best,Difficult
4,44.5,4.1,0.0,27.3,Gazebo,Mavic Pro,Free for all use cases,Yes,Compatible with both ROS1 and ROS2,Provides a powerful user interface for designing and testing robotics,"C/C++, Python","SDF, URDF","ODE, Bullet, Simbody, DART","Linux (Ubuntu, Fedora), with limited support on macOS and Windows via Docker or Virtual Machine",Best,Difficult
5,44.9,4.1,0.0,27.92,Gazebo,Mavic Pro,Free for all use cases,Yes,Compatible with both ROS1 and ROS2,Provides a powerful user interface for designing and testing robotics,"C/C++, Python","SDF, URDF","ODE, Bullet, Simbody, DART","Linux (Ubuntu, Fedora), with limited support on macOS and Windows via Docker or Virtual Machine",Best,Difficult
6,44.9,4.1,0.0,28.35,Gazebo,Mavic Pro,Free for all use cases,Yes,Compatible with both ROS1 and ROS2,Provides a powerful user interface for designing and testing robotics,"C/C++, Python","SDF, URDF","ODE, Bullet, Simbody, DART","Linux (Ubuntu, Fedora), with limited support on macOS and Windows via Docker or Virtual Machine",Best,Difficult
7,44.2,4.1,0.0,28.65,Gazebo,Mavic Pro,Free for all use cases,Yes,Compatible with both ROS1 and ROS2,Provides a powerful user interface for designing and testing robotics,"C/C++, Python","SDF, URDF","ODE, Bullet, Simbody, DART","Linux (Ubuntu, Fedora), with limited support on macOS and Windows via Docker or Virtual Machine",Best,Difficult
8,45.5,4.1,0.0,28.95,Gazebo,Mavic Pro,Free for all use cases,Yes,Compatible with both ROS1 and ROS2,Provides a powerful user interface for designing and testing robotics,"C/C++, Python","SDF, URDF","ODE, Bullet, Simbody, DART","Linux (Ubuntu, Fedora), with limited support on macOS and Windows via Docker or Virtual Machine",Best,Difficult
9,44.9,4.1,0.0,29.14,Gazebo,Mavic Pro,Free for all use cases,Yes,Compatible with both ROS1 and ROS2,Provides a powerful user interface for designing and testing robotics,"C/C++, Python","SDF, URDF","ODE, Bullet, Simbody, DART","Linux (Ubuntu, Fedora), with limited support on macOS and Windows via Docker or Virtual Machine",Best,Difficult
10,45.9,4.1,0.0,29.33,Gazebo,Mavic Pro,Free for all use cases,Yes,Compatible with both ROS1 and ROS2,Provides a powerful user interface for designing and testing robotics,"C/C++, Python","SDF, URDF","ODE, Bullet, Simbody, DART","Linux (Ubuntu, Fedora), with limited support on macOS and Windows via Docker or Virtual Machine",Best,Difficult
11,44.7,4.1,0.0,29.49,Gazebo,Mavic Pro,Free for all use cases,Yes,Compatible with both ROS1 and ROS2,Provides a powerful user interface for designing and testing robotics,"C/C++, Python","SDF, URDF","ODE, Bullet, Simbody, DART","Linux (Ubuntu, Fedora), with limited support on macOS and Windows via Docker or Virtual Machine",Best,Difficult
12,44.2,4.1,0.0,29.61,Gazebo,Mavic Pro,Free for all use cases,Yes,Compatible with both ROS1 and ROS2,Provides a powerful user interface for designing and testing robotics,"C/C++, Python","SDF, URDF","ODE, Bullet, Simbody, DART","Linux (Ubuntu, Fedora), with limited support on macOS and Windows via Docker or Virtual Machine",Best,Difficult
13,44.6,4.1,0.0,29.73,Gazebo,Mavic Pro,Free for all use cases,Yes,Compatible with both ROS1 and ROS2,Provides a powerful user interface for designing and testing robotics,"C/C++, Python","SDF, URDF","ODE, Bullet, Simbody, DART","Linux (Ubuntu, Fedora), with limited support on macOS and Windows via Docker or Virtual Machine",Best,Difficult
14,44.4,4.1,0.0,29.81,Gazebo,Mavic Pro,Free for all use cases,Yes,Compatible with both ROS1 and ROS2,Provides a powerful user interface for designing and testing robotics,"C/C++, Python","SDF, URDF","ODE, Bullet, Simbody, DART","Linux (Ubuntu, Fedora), with limited support on macOS and Windows via Docker or Virtual Machine",Best,Difficult
15,45.0,4.1,0.0,29.89,Gazebo,Mavic Pro,Free for all use cases,Yes,Compatible with both ROS1 and ROS2,Provides a powerful user interface for designing and testing robotics,"C/C++, Python","SDF, URDF","ODE, Bullet, Simbody, DART","Linux (Ubuntu, Fedora), with limited support on macOS and Windows via Docker or Virtual Machine",Best,Difficult
1,255.8,0.278237118,0.0,29.1398,CoppeliaSim,Mavic Pro,Free for education purposes,Yes,Both ROS1 and ROS2 supported,All tools available for manipulating the environments as well as the objects in the environment,"C/C++, Lua, Python, Java, Matlab, Octave","URDF, SDF, Stl, Obj, Dxf, Collada","Bullet, ODE, Newton and Vortex","Windows, Ubuntu, MacOS",Average,Easy
2,262.8,0.278237118,0.0,32.496,CoppeliaSim,Mavic Pro,Free for education purposes,Yes,Both ROS1 and ROS2 supported,All tools available for manipulating the environments as well as the objects in the environment,"C/C++, Lua, Python, Java, Matlab, Octave","URDF, SDF, Stl, Obj, Dxf, Collada","Bullet, ODE, Newton and Vortex","Windows, Ubuntu, MacOS",Average,Easy
3,253.8,0.278237118,0.0,31.3539,CoppeliaSim,Mavic Pro,Free for education purposes,Yes,Both ROS1 and ROS2 supported,All tools available for manipulating the environments as well as the objects in the environment,"C/C++, Lua, Python, Java, Matlab, Octave","URDF, SDF, Stl, Obj, Dxf, Collada","Bullet, ODE, Newton and Vortex","Windows, Ubuntu, MacOS",Average,Easy
4,245.8,0.278237118,0.0,32.635,CoppeliaSim,Mavic Pro,Free for education purposes,Yes,Both ROS1 and ROS2 supported,All tools available for manipulating the environments as well as the objects in the environment,"C/C++, Lua, Python, Java, Matlab, Octave","URDF, SDF, Stl, Obj, Dxf, Collada","Bullet, ODE, Newton and Vortex","Windows, Ubuntu, MacOS",Average,Easy
5,248.7,0.278237118,0.0,32.2256,CoppeliaSim,Mavic Pro,Free for education purposes,Yes,Both ROS1 and ROS2 supported,All tools available for manipulating the environments as well as the objects in the environment,"C/C++, Lua, Python, Java, Matlab, Octave","URDF, SDF, Stl, Obj, Dxf, Collada","Bullet, ODE, Newton and Vortex","Windows, Ubuntu, MacOS",Average,Easy
6,257.6,0.278237118,0.0,32.4954,CoppeliaSim,Mavic Pro,Free for education purposes,Yes,Both ROS1 and ROS2 supported,All tools available for manipulating the environments as well as the objects in the environment,"C/C++, Lua, Python, Java, Matlab, Octave","URDF, SDF, Stl, Obj, Dxf, Collada","Bullet, ODE, Newton and Vortex","Windows, Ubuntu, MacOS",Average,Easy
7,248.7,0.278237118,0.0,31.2964,CoppeliaSim,Mavic Pro,Free for education purposes,Yes,Both ROS1 and ROS2 supported,All tools available for manipulating the environments as well as the objects in the environment,"C/C++, Lua, Python, Java, Matlab, Octave","URDF, SDF, Stl, Obj, Dxf, Collada","Bullet, ODE, Newton and Vortex","Windows, Ubuntu, MacOS",Average,Easy
8,61.9,0.278237118,0.0,32.3406,CoppeliaSim,Mavic Pro,Free for education purposes,Yes,Both ROS1 and ROS2 supported,All tools available for manipulating the environments as well as the objects in the environment,"C/C++, Lua, Python, Java, Matlab, Octave","URDF, SDF, Stl, Obj, Dxf, Collada","Bullet, ODE, Newton and Vortex","Windows, Ubuntu, MacOS",Average,Easy
9,58.9,0.278237118,0.0,30.6595,CoppeliaSim,Mavic Pro,Free for education purposes,Yes,Both ROS1 and ROS2 supported,All tools available for manipulating the environments as well as the objects in the environment,"C/C++, Lua, Python, Java, Matlab, Octave","URDF, SDF, Stl, Obj, Dxf, Collada","Bullet, ODE, Newton and Vortex","Windows, Ubuntu, MacOS",Average,Easy
10,245.7,0.278237118,0.0,29.6535,CoppeliaSim,Mavic Pro,Free for education purposes,Yes,Both ROS1 and ROS2 supported,All tools available for manipulating the environments as well as the objects in the environment,"C/C++, Lua, Python, Java, Matlab, Octave","URDF, SDF, Stl, Obj, Dxf, Collada","Bullet, ODE, Newton and Vortex","Windows, Ubuntu, MacOS",Average,Easy
11,245.7,0.278237118,0.0,33.0019,CoppeliaSim,Mavic Pro,Free for education purposes,Yes,Both ROS1 and ROS2 supported,All tools available for manipulating the environments as well as the objects in the environment,"C/C++, Lua, Python, Java, Matlab, Octave","URDF, SDF, Stl, Obj, Dxf, Collada","Bullet, ODE, Newton and Vortex","Windows, Ubuntu, MacOS",Average,Easy
12,248.6,0.278237118,0.0,32.5859,CoppeliaSim,Mavic Pro,Free for education purposes,Yes,Both ROS1 and ROS2 supported,All tools available for manipulating the environments as well as the objects in the environment,"C/C++, Lua, Python, Java, Matlab, Octave","URDF, SDF, Stl, Obj, Dxf, Collada","Bullet, ODE, Newton and Vortex","Windows, Ubuntu, MacOS",Average,Easy
13,247.7,0.278237118,0.0,32.1012,CoppeliaSim,Mavic Pro,Free for education purposes,Yes,Both ROS1 and ROS2 supported,All tools available for manipulating the environments as well as the objects in the environment,"C/C++, Lua, Python, Java, Matlab, Octave","URDF, SDF, Stl, Obj, Dxf, Collada","Bullet, ODE, Newton and Vortex","Windows, Ubuntu, MacOS",Average,Easy
14,244.7,0.278237118,0.0,30.6924,CoppeliaSim,Mavic Pro,Free for education purposes,Yes,Both ROS1 and ROS2 supported,All tools available for manipulating the environments as well as the objects in the environment,"C/C++, Lua, Python, Java, Matlab, Octave","URDF, SDF, Stl, Obj, Dxf, Collada","Bullet, ODE, Newton and Vortex","Windows, Ubuntu, MacOS",Average,Easy
15,239.7,0.278237118,0.0,29.6922,CoppeliaSim,Mavic Pro,Free for education purposes,Yes,Both ROS1 and ROS2 supported,All tools available for manipulating the environments as well as the objects in the environment,"C/C++, Lua, Python, Java, Matlab, Octave","URDF, SDF, Stl, Obj, Dxf, Collada","Bullet, ODE, Newton and Vortex","Windows, Ubuntu, MacOS",Average,Easy
1,10.0,85.1,0.0,27.021469365754456,Webots,Mavic Pro,Free for all Use Cases,Yes,Compatible with both ROS1 and ROS2,"Object level functionality to add,update and delete features in the environment","C/Cpp , Java , Python, MATLAB","PROTO, VRML97, URDF,SDF,X3D","ODE/ODE2, Bullet Physics, Vortex, Simbody","Windows, Fedora,Ubuntu,CentOS, macOS",Good,Easy
2,22.2,85.1,0.0,27.368072278398763,Webots,Mavic Pro,Free for all Use Cases,Yes,Compatible with both ROS1 and ROS2,"Object level functionality to add,update and delete features in the environment","C/Cpp , Java , Python, MATLAB","PROTO, VRML97, URDF,SDF,X3D","ODE/ODE2, Bullet Physics, Vortex, Simbody","Windows, Fedora,Ubuntu,CentOS, macOS",Good,Easy
3,8.3,85.1,0.0,27.87350043,Webots,Mavic Pro,Free for all Use Cases,Yes,Compatible with both ROS1 and ROS2,"Object level functionality to add,update and delete features in the environment","C/Cpp , Java , Python, MATLAB","PROTO, VRML97, URDF,SDF,X3D","ODE/ODE2, Bullet Physics, Vortex, Simbody","Windows, Fedora,Ubuntu,CentOS, macOS",Good,Easy
4,6.2,85.1,0.0,28.20780169053922,Webots,Mavic Pro,Free for all Use Cases,Yes,Compatible with both ROS1 and ROS2,"Object level functionality to add,update and delete features in the environment","C/Cpp , Java , Python, MATLAB","PROTO, VRML97, URDF,SDF,X3D","ODE/ODE2, Bullet Physics, Vortex, Simbody","Windows, Fedora,Ubuntu,CentOS, macOS",Good,Easy
5,8.3,85.1,0.0,28.56937699196804,Webots,Mavic Pro,Free for all Use Cases,Yes,Compatible with both ROS1 and ROS2,"Object level functionality to add,update and delete features in the environment","C/Cpp , Java , Python, MATLAB","PROTO, VRML97, URDF,SDF,X3D","ODE/ODE2, Bullet Physics, Vortex, Simbody","Windows, Fedora,Ubuntu,CentOS, macOS",Good,Easy
6,7.7,85.1,0.0,28.95618046969715,Webots,Mavic Pro,Free for all Use Cases,Yes,Compatible with both ROS1 and ROS2,"Object level functionality to add,update and delete features in the environment","C/Cpp , Java , Python, MATLAB","PROTO, VRML97, URDF,SDF,X3D","ODE/ODE2, Bullet Physics, Vortex, Simbody","Windows, Fedora,Ubuntu,CentOS, macOS",Good,Easy
7,6.7,85.1,0.0,29.29837435146071,Webots,Mavic Pro,Free for all Use Cases,Yes,Compatible with both ROS1 and ROS2,"Object level functionality to add,update and delete features in the environment","C/Cpp , Java , Python, MATLAB","PROTO, VRML97, URDF,SDF,X3D","ODE/ODE2, Bullet Physics, Vortex, Simbody","Windows, Fedora,Ubuntu,CentOS, macOS",Good,Easy
8,0.0,85.1,0.0,29.60857951240449,Webots,Mavic Pro,Free for all Use Cases,Yes,Compatible with both ROS1 and ROS2,"Object level functionality to add,update and delete features in the environment","C/Cpp , Java , Python, MATLAB","PROTO, VRML97, URDF,SDF,X3D","ODE/ODE2, Bullet Physics, Vortex, Simbody","Windows, Fedora,Ubuntu,CentOS, macOS",Good,Easy
9,14.3,85.1,0.0,29.903237500226226,Webots,Mavic Pro,Free for all Use Cases,Yes,Compatible with both ROS1 and ROS2,"Object level functionality to add,update and delete features in the environment","C/Cpp , Java , Python, MATLAB","PROTO, VRML97, URDF,SDF,X3D","ODE/ODE2, Bullet Physics, Vortex, Simbody","Windows, Fedora,Ubuntu,CentOS, macOS",Good,Easy
10,16.7,85.1,0.0,30.004606954307217,Webots,Mavic Pro,Free for all Use Cases,Yes,Compatible with both ROS1 and ROS2,"Object level functionality to add,update and delete features in the environment","C/Cpp , Java , Python, MATLAB","PROTO, VRML97, URDF,SDF,X3D","ODE/ODE2, Bullet Physics, Vortex, Simbody","Windows, Fedora,Ubuntu,CentOS, macOS",Good,Easy
11,12.5,85.1,0.0,30.21995367700661,Webots,Mavic Pro,Free for all Use Cases,Yes,Compatible with both ROS1 and ROS2,"Object level functionality to add,update and delete features in the environment","C/Cpp , Java , Python, MATLAB","PROTO, VRML97, URDF,SDF,X3D","ODE/ODE2, Bullet Physics, Vortex, Simbody","Windows, Fedora,Ubuntu,CentOS, macOS",Good,Easy
12,0.0,85.1,0.0,30.552315157397345,Webots,Mavic Pro,Free for all Use Cases,Yes,Compatible with both ROS1 and ROS2,"Object level functionality to add,update and delete features in the environment","C/Cpp , Java , Python, MATLAB","PROTO, VRML97, URDF,SDF,X3D","ODE/ODE2, Bullet Physics, Vortex, Simbody","Windows, Fedora,Ubuntu,CentOS, macOS",Good,Easy
13,6.2,85.1,0.0,30.61428504694726,Webots,Mavic Pro,Free for all Use Cases,Yes,Compatible with both ROS1 and ROS2,"Object level functionality to add,update and delete features in the environment","C/Cpp , Java , Python, MATLAB","PROTO, VRML97, URDF,SDF,X3D","ODE/ODE2, Bullet Physics, Vortex, Simbody","Windows, Fedora,Ubuntu,CentOS, macOS",Good,Easy
14,8.3,85.1,0.0,30.83940993490499,Webots,Mavic Pro,Free for all Use Cases,Yes,Compatible with both ROS1 and ROS2,"Object level functionality to add,update and delete features in the environment","C/Cpp , Java , Python, MATLAB","PROTO, VRML97, URDF,SDF,X3D","ODE/ODE2, Bullet Physics, Vortex, Simbody","Windows, Fedora,Ubuntu,CentOS, macOS",Good,Easy
15,18.8,85.1,0.0,30.936828287554643,Webots,Mavic Pro,Free for all Use Cases,Yes,Compatible with both ROS1 and ROS2,"Object level functionality to add,update and delete features in the environment","C/Cpp , Java , Python, MATLAB","PROTO, VRML97, URDF,SDF,X3D","ODE/ODE2, Bullet Physics, Vortex, Simbody","Windows, Fedora,Ubuntu,CentOS, macOS",Good,Easy
1,3.6,45.8,38.0,32.73,Isaac Sim,Mavic Pro,Free to use,Yes,Yes,All tools available for robot manipulation and simulation. It has a photorealistic interface.,Python,"Obj,GLTF,FBX,BMP,DDS,EXR,GIF,HDR,JPEG,JPG,TIF,PNG,PSD,TGA",PhysX,Windows and Ubuntu,Good,Easy
2,8.9,45.8,41.0,32.49,Isaac Sim,Mavic Pro,Free to use,Yes,Yes,All tools available for robot manipulation and simulation. It has a photorealistic interface.,Python,"Obj,GLTF,FBX,BMP,DDS,EXR,GIF,HDR,JPEG,JPG,TIF,PNG,PSD,TGA",PhysX,Windows and Ubuntu,Good,Easy
3,4.6,45.8,39.0,32.52,Isaac Sim,Mavic Pro,Free to use,Yes,Yes,All tools available for robot manipulation and simulation. It has a photorealistic interface.,Python,"Obj,GLTF,FBX,BMP,DDS,EXR,GIF,HDR,JPEG,JPG,TIF,PNG,PSD,TGA",PhysX,Windows and Ubuntu,Good,Easy
4,2.6,45.8,42.0,32.69,Isaac Sim,Mavic Pro,Free to use,Yes,Yes,All tools available for robot manipulation and simulation. It has a photorealistic interface.,Python,"Obj,GLTF,FBX,BMP,DDS,EXR,GIF,HDR,JPEG,JPG,TIF,PNG,PSD,TGA",PhysX,Windows and Ubuntu,Good,Easy
5,5.0,45.8,34.0,32.54,Isaac Sim,Mavic Pro,Free to use,Yes,Yes,All tools available for robot manipulation and simulation. It has a photorealistic interface.,Python,"Obj,GLTF,FBX,BMP,DDS,EXR,GIF,HDR,JPEG,JPG,TIF,PNG,PSD,TGA",PhysX,Windows and Ubuntu,Good,Easy
6,4.5,45.8,37.0,32.7,Isaac Sim,Mavic Pro,Free to use,Yes,Yes,All tools available for robot manipulation and simulation. It has a photorealistic interface.,Python,"Obj,GLTF,FBX,BMP,DDS,EXR,GIF,HDR,JPEG,JPG,TIF,PNG,PSD,TGA",PhysX,Windows and Ubuntu,Good,Easy
7,5.8,45.8,39.0,32.7,Isaac Sim,Mavic Pro,Free to use,Yes,Yes,All tools available for robot manipulation and simulation. It has a photorealistic interface.,Python,"Obj,GLTF,FBX,BMP,DDS,EXR,GIF,HDR,JPEG,JPG,TIF,PNG,PSD,TGA",PhysX,Windows and Ubuntu,Good,Easy
8,5.3,45.8,39.0,32.51,Isaac Sim,Mavic Pro,Free to use,Yes,Yes,All tools available for robot manipulation and simulation. It has a photorealistic interface.,Python,"Obj,GLTF,FBX,BMP,DDS,EXR,GIF,HDR,JPEG,JPG,TIF,PNG,PSD,TGA",PhysX,Windows and Ubuntu,Good,Easy
9,3.8,45.7,39.0,32.52,Isaac Sim,Mavic Pro,Free to use,Yes,Yes,All tools available for robot manipulation and simulation. It has a photorealistic interface.,Python,"Obj,GLTF,FBX,BMP,DDS,EXR,GIF,HDR,JPEG,JPG,TIF,PNG,PSD,TGA",PhysX,Windows and Ubuntu,Good,Easy
10,2.9,45.8,40.0,32.68,Isaac Sim,Mavic Pro,Free to use,Yes,Yes,All tools available for robot manipulation and simulation. It has a photorealistic interface.,Python,"Obj,GLTF,FBX,BMP,DDS,EXR,GIF,HDR,JPEG,JPG,TIF,PNG,PSD,TGA",PhysX,Windows and Ubuntu,Good,Easy
11,5.0,45.8,41.0,32.7,Isaac Sim,Mavic Pro,Free to use,Yes,Yes,All tools available for robot manipulation and simulation. It has a photorealistic interface.,Python,"Obj,GLTF,FBX,BMP,DDS,EXR,GIF,HDR,JPEG,JPG,TIF,PNG,PSD,TGA",PhysX,Windows and Ubuntu,Good,Easy
12,5.4,45.8,38.0,32.52,Isaac Sim,Mavic Pro,Free to use,Yes,Yes,All tools available for robot manipulation and simulation. It has a photorealistic interface.,Python,"Obj,GLTF,FBX,BMP,DDS,EXR,GIF,HDR,JPEG,JPG,TIF,PNG,PSD,TGA",PhysX,Windows and Ubuntu,Good,Easy
13,3.6,45.8,42.0,32.68,Isaac Sim,Mavic Pro,Free to use,Yes,Yes,All tools available for robot manipulation and simulation. It has a photorealistic interface.,Python,"Obj,GLTF,FBX,BMP,DDS,EXR,GIF,HDR,JPEG,JPG,TIF,PNG,PSD,TGA",PhysX,Windows and Ubuntu,Good,Easy
14,3.5,45.8,32.0,32.68,Isaac Sim,Mavic Pro,Free to use,Yes,Yes,All tools available for robot manipulation and simulation. It has a photorealistic interface.,Python,"Obj,GLTF,FBX,BMP,DDS,EXR,GIF,HDR,JPEG,JPG,TIF,PNG,PSD,TGA",PhysX,Windows and Ubuntu,Good,Easy
15,5.8,45.8,39.0,32.67,Isaac Sim,Mavic Pro,Free to use,Yes,Yes,All tools available for robot manipulation and simulation. It has a photorealistic interface.,Python,"Obj,GLTF,FBX,BMP,DDS,EXR,GIF,HDR,JPEG,JPG,TIF,PNG,PSD,TGA",PhysX,Windows and Ubuntu,Good,Easy
1,289.6,0.25660892,0.0,19.3,CoppeliaSim,Turtle Bot,Free for education purposes,Yes,Both ROS1 and ROS2 supported,All tools available for manipulating the environments as well as the objects in the environment,"C/C++, Lua, Python, Java, Matlab, Octave","URDF, SDF, Stl, Obj, Dxf, Collada","Bullet, ODE, Newton and Vortex","Windows, Ubuntu, MacOS",Average,Easy
2,282.6,0.25660892,0.0,21.4503,CoppeliaSim,Turtle Bot,Free for education purposes,Yes,Both ROS1 and ROS2 supported,All tools available for manipulating the environments as well as the objects in the environment,"C/C++, Lua, Python, Java, Matlab, Octave","URDF, SDF, Stl, Obj, Dxf, Collada","Bullet, ODE, Newton and Vortex","Windows, Ubuntu, MacOS",Average,Easy
3,288.6,0.25660892,0.0,20.4155,CoppeliaSim,Turtle Bot,Free for education purposes,Yes,Both ROS1 and ROS2 supported,All tools available for manipulating the environments as well as the objects in the environment,"C/C++, Lua, Python, Java, Matlab, Octave","URDF, SDF, Stl, Obj, Dxf, Collada","Bullet, ODE, Newton and Vortex","Windows, Ubuntu, MacOS",Average,Easy
4,286.6,0.25660892,0.0,20.5542,CoppeliaSim,Turtle Bot,Free for education purposes,Yes,Both ROS1 and ROS2 supported,All tools available for manipulating the environments as well as the objects in the environment,"C/C++, Lua, Python, Java, Matlab, Octave","URDF, SDF, Stl, Obj, Dxf, Collada","Bullet, ODE, Newton and Vortex","Windows, Ubuntu, MacOS",Average,Easy
5,296.6,0.25660892,0.0,19.6757,CoppeliaSim,Turtle Bot,Free for education purposes,Yes,Both ROS1 and ROS2 supported,All tools available for manipulating the environments as well as the objects in the environment,"C/C++, Lua, Python, Java, Matlab, Octave","URDF, SDF, Stl, Obj, Dxf, Collada","Bullet, ODE, Newton and Vortex","Windows, Ubuntu, MacOS",Average,Easy
6,292.6,0.25660892,0.0,19.4866,CoppeliaSim,Turtle Bot,Free for education purposes,Yes,Both ROS1 and ROS2 supported,All tools available for manipulating the environments as well as the objects in the environment,"C/C++, Lua, Python, Java, Matlab, Octave","URDF, SDF, Stl, Obj, Dxf, Collada","Bullet, ODE, Newton and Vortex","Windows, Ubuntu, MacOS",Average,Easy
7,291.6,0.25660892,0.0,19.9598,CoppeliaSim,Turtle Bot,Free for education purposes,Yes,Both ROS1 and ROS2 supported,All tools available for manipulating the environments as well as the objects in the environment,"C/C++, Lua, Python, Java, Matlab, Octave","URDF, SDF, Stl, Obj, Dxf, Collada","Bullet, ODE, Newton and Vortex","Windows, Ubuntu, MacOS",Average,Easy
8,278.6,0.25660892,0.0,19.5923,CoppeliaSim,Turtle Bot,Free for education purposes,Yes,Both ROS1 and ROS2 supported,All tools available for manipulating the environments as well as the objects in the environment,"C/C++, Lua, Python, Java, Matlab, Octave","URDF, SDF, Stl, Obj, Dxf, Collada","Bullet, ODE, Newton and Vortex","Windows, Ubuntu, MacOS",Average,Easy
9,287.6,0.25660892,0.0,19.1743,CoppeliaSim,Turtle Bot,Free for education purposes,Yes,Both ROS1 and ROS2 supported,All tools available for manipulating the environments as well as the objects in the environment,"C/C++, Lua, Python, Java, Matlab, Octave","URDF, SDF, Stl, Obj, Dxf, Collada","Bullet, ODE, Newton and Vortex","Windows, Ubuntu, MacOS",Average,Easy
10,291.5,0.25660892,0.0,19.1751,CoppeliaSim,Turtle Bot,Free for education purposes,Yes,Both ROS1 and ROS2 supported,All tools available for manipulating the environments as well as the objects in the environment,"C/C++, Lua, Python, Java, Matlab, Octave","URDF, SDF, Stl, Obj, Dxf, Collada","Bullet, ODE, Newton and Vortex","Windows, Ubuntu, MacOS",Average,Easy
11,289.6,0.25660892,0.0,19.9133,CoppeliaSim,Turtle Bot,Free for education purposes,Yes,Both ROS1 and ROS2 supported,All tools available for manipulating the environments as well as the objects in the environment,"C/C++, Lua, Python, Java, Matlab, Octave","URDF, SDF, Stl, Obj, Dxf, Collada","Bullet, ODE, Newton and Vortex","Windows, Ubuntu, MacOS",Average,Easy
1,33.7,3.2,0.0,27.47,Gazebo,Turtle Bot,Free for all use cases,Yes,Compatible with both ROS1 and ROS2,Provides a powerful user interface for designing and testing robotics,"C/C++, Python","SDF, URDF","ODE, Bullet, Simbody, DART","Linux (Ubuntu, Fedora), with limited support on macOS and Windows via Docker or Virtual Machine",Best,Difficult
2,35.2,3.2,0.0,28.06,Gazebo,Turtle Bot,Free for all use cases,Yes,Compatible with both ROS1 and ROS2,Provides a powerful user interface for designing and testing robotics,"C/C++, Python","SDF, URDF","ODE, Bullet, Simbody, DART","Linux (Ubuntu, Fedora), with limited support on macOS and Windows via Docker or Virtual Machine",Best,Difficult
3,34.7,3.2,0.0,28.48,Gazebo,Turtle Bot,Free for all use cases,Yes,Compatible with both ROS1 and ROS2,Provides a powerful user interface for designing and testing robotics,"C/C++, Python","SDF, URDF","ODE, Bullet, Simbody, DART","Linux (Ubuntu, Fedora), with limited support on macOS and Windows via Docker or Virtual Machine",Best,Difficult
4,36.5,3.2,0.0,28.85,Gazebo,Turtle Bot,Free for all use cases,Yes,Compatible with both ROS1 and ROS2,Provides a powerful user interface for designing and testing robotics,"C/C++, Python","SDF, URDF","ODE, Bullet, Simbody, DART","Linux (Ubuntu, Fedora), with limited support on macOS and Windows via Docker or Virtual Machine",Best,Difficult
5,34.9,3.2,0.0,29.07,Gazebo,Turtle Bot,Free for all use cases,Yes,Compatible with both ROS1 and ROS2,Provides a powerful user interface for designing and testing robotics,"C/C++, Python","SDF, URDF","ODE, Bullet, Simbody, DART","Linux (Ubuntu, Fedora), with limited support on macOS and Windows via Docker or Virtual Machine",Best,Difficult
6,33.9,3.2,0.0,29.28,Gazebo,Turtle Bot,Free for all use cases,Yes,Compatible with both ROS1 and ROS2,Provides a powerful user interface for designing and testing robotics,"C/C++, Python","SDF, URDF","ODE, Bullet, Simbody, DART","Linux (Ubuntu, Fedora), with limited support on macOS and Windows via Docker or Virtual Machine",Best,Difficult
7,36.2,3.2,0.0,29.47,Gazebo,Turtle Bot,Free for all use cases,Yes,Compatible with both ROS1 and ROS2,Provides a powerful user interface for designing and testing robotics,"C/C++, Python","SDF, URDF","ODE, Bullet, Simbody, DART","Linux (Ubuntu, Fedora), with limited support on macOS and Windows via Docker or Virtual Machine",Best,Difficult
8,36.4,3.2,0.0,29.62,Gazebo,Turtle Bot,Free for all use cases,Yes,Compatible with both ROS1 and ROS2,Provides a powerful user interface for designing and testing robotics,"C/C++, Python","SDF, URDF","ODE, Bullet, Simbody, DART","Linux (Ubuntu, Fedora), with limited support on macOS and Windows via Docker or Virtual Machine",Best,Difficult
9,35.0,3.2,0.0,29.74,Gazebo,Turtle Bot,Free for all use cases,Yes,Compatible with both ROS1 and ROS2,Provides a powerful user interface for designing and testing robotics,"C/C++, Python","SDF, URDF","ODE, Bullet, Simbody, DART","Linux (Ubuntu, Fedora), with limited support on macOS and Windows via Docker or Virtual Machine",Best,Difficult
10,35.6,3.2,0.0,29.86,Gazebo,Turtle Bot,Free for all use cases,Yes,Compatible with both ROS1 and ROS2,Provides a powerful user interface for designing and testing robotics,"C/C++, Python","SDF, URDF","ODE, Bullet, Simbody, DART","Linux (Ubuntu, Fedora), with limited support on macOS and Windows via Docker or Virtual Machine",Best,Difficult
11,34.8,3.2,0.0,29.94,Gazebo,Turtle Bot,Free for all use cases,Yes,Compatible with both ROS1 and ROS2,Provides a powerful user interface for designing and testing robotics,"C/C++, Python","SDF, URDF","ODE, Bullet, Simbody, DART","Linux (Ubuntu, Fedora), with limited support on macOS and Windows via Docker or Virtual Machine",Best,Difficult
1,7.3,48.6,33.0,32.54,Isaac Sim,Turtle Bot,Free to use,Yes,Yes,All tools available for robot manipulation and simulation. It has a photorealistic interface.,Python,"Obj,GLTF,FBX,BMP,DDS,EXR,GIF,HDR,JPEG,JPG,TIF,PNG,PSD,TGA",PhysX,Windows and Ubuntu,Good,Easy
2,4.3,48.6,31.0,32.49,Isaac Sim,Turtle Bot,Free to use,Yes,Yes,All tools available for robot manipulation and simulation. It has a photorealistic interface.,Python,"Obj,GLTF,FBX,BMP,DDS,EXR,GIF,HDR,JPEG,JPG,TIF,PNG,PSD,TGA",PhysX,Windows and Ubuntu,Good,Easy
3,5.2,48.6,35.0,32.7,Isaac Sim,Turtle Bot,Free to use,Yes,Yes,All tools available for robot manipulation and simulation. It has a photorealistic interface.,Python,"Obj,GLTF,FBX,BMP,DDS,EXR,GIF,HDR,JPEG,JPG,TIF,PNG,PSD,TGA",PhysX,Windows and Ubuntu,Good,Easy
4,6.5,48.6,38.0,32.54,Isaac Sim,Turtle Bot,Free to use,Yes,Yes,All tools available for robot manipulation and simulation. It has a photorealistic interface.,Python,"Obj,GLTF,FBX,BMP,DDS,EXR,GIF,HDR,JPEG,JPG,TIF,PNG,PSD,TGA",PhysX,Windows and Ubuntu,Good,Easy
5,5.1,48.6,31.0,32.56,Isaac Sim,Turtle Bot,Free to use,Yes,Yes,All tools available for robot manipulation and simulation. It has a photorealistic interface.,Python,"Obj,GLTF,FBX,BMP,DDS,EXR,GIF,HDR,JPEG,JPG,TIF,PNG,PSD,TGA",PhysX,Windows and Ubuntu,Good,Easy
6,5.0,48.6,31.0,32.51,Isaac Sim,Turtle Bot,Free to use,Yes,Yes,All tools available for robot manipulation and simulation. It has a photorealistic interface.,Python,"Obj,GLTF,FBX,BMP,DDS,EXR,GIF,HDR,JPEG,JPG,TIF,PNG,PSD,TGA",PhysX,Windows and Ubuntu,Good,Easy
7,7.4,48.6,39.0,32.52,Isaac Sim,Turtle Bot,Free to use,Yes,Yes,All tools available for robot manipulation and simulation. It has a photorealistic interface.,Python,"Obj,GLTF,FBX,BMP,DDS,EXR,GIF,HDR,JPEG,JPG,TIF,PNG,PSD,TGA",PhysX,Windows and Ubuntu,Good,Easy
8,4.7,48.6,30.0,32.72,Isaac Sim,Turtle Bot,Free to use,Yes,Yes,All tools available for robot manipulation and simulation. It has a photorealistic interface.,Python,"Obj,GLTF,FBX,BMP,DDS,EXR,GIF,HDR,JPEG,JPG,TIF,PNG,PSD,TGA",PhysX,Windows and Ubuntu,Good,Easy
9,4.5,48.7,41.0,32.51,Isaac Sim,Turtle Bot,Free to use,Yes,Yes,All tools available for robot manipulation and simulation. It has a photorealistic interface.,Python,"Obj,GLTF,FBX,BMP,DDS,EXR,GIF,HDR,JPEG,JPG,TIF,PNG,PSD,TGA",PhysX,Windows and Ubuntu,Good,Easy
10,4.4,48.7,10.0,32.66,Isaac Sim,Turtle Bot,Free to use,Yes,Yes,All tools available for robot manipulation and simulation. It has a photorealistic interface.,Python,"Obj,GLTF,FBX,BMP,DDS,EXR,GIF,HDR,JPEG,JPG,TIF,PNG,PSD,TGA",PhysX,Windows and Ubuntu,Good,Easy
11,5.7,48.7,31.0,32.67,Isaac Sim,Turtle Bot,Free to use,Yes,Yes,All tools available for robot manipulation and simulation. It has a photorealistic interface.,Python,"Obj,GLTF,FBX,BMP,DDS,EXR,GIF,HDR,JPEG,JPG,TIF,PNG,PSD,TGA",PhysX,Windows and Ubuntu,Good,Easy
1,12.5,75.9,0.0,14.94512323,Webots,Turtle Bot,Free for all Use Cases,Yes,Compatible with both ROS1 and ROS2,"Object level functionality to add,update and delete features in the environment","C/Cpp , Java , Python, MATLAB","PROTO, VRML97, URDF,SDF,X3D","ODE/ODE2, Bullet Physics, Vortex, Simbody","Windows, Fedora,Ubuntu,CentOS, macOS",Good,Easy
2,3.0,75.9,0.0,14.97371757,Webots,Turtle Bot,Free for all Use Cases,Yes,Compatible with both ROS1 and ROS2,"Object level functionality to add,update and delete features in the environment","C/Cpp , Java , Python, MATLAB","PROTO, VRML97, URDF,SDF,X3D","ODE/ODE2, Bullet Physics, Vortex, Simbody","Windows, Fedora,Ubuntu,CentOS, macOS",Good,Easy
3,3.1,75.8,0.0,15.0684094,Webots,Turtle Bot,Free for all Use Cases,Yes,Compatible with both ROS1 and ROS2,"Object level functionality to add,update and delete features in the environment","C/Cpp , Java , Python, MATLAB","PROTO, VRML97, URDF,SDF,X3D","ODE/ODE2, Bullet Physics, Vortex, Simbody","Windows, Fedora,Ubuntu,CentOS, macOS",Good,Easy
4,9.1,75.8,0.0,15.08384021,Webots,Turtle Bot,Free for all Use Cases,Yes,Compatible with both ROS1 and ROS2,"Object level functionality to add,update and delete features in the environment","C/Cpp , Java , Python, MATLAB","PROTO, VRML97, URDF,SDF,X3D","ODE/ODE2, Bullet Physics, Vortex, Simbody","Windows, Fedora,Ubuntu,CentOS, macOS",Good,Easy
5,0.0,75.8,0.0,15.12885648,Webots,Turtle Bot,Free for all Use Cases,Yes,Compatible with both ROS1 and ROS2,"Object level functionality to add,update and delete features in the environment","C/Cpp , Java , Python, MATLAB","PROTO, VRML97, URDF,SDF,X3D","ODE/ODE2, Bullet Physics, Vortex, Simbody","Windows, Fedora,Ubuntu,CentOS, macOS",Good,Easy
6,3.1,75.9,0.0,15.06014683,Webots,Turtle Bot,Free for all Use Cases,Yes,Compatible with both ROS1 and ROS2,"Object level functionality to add,update and delete features in the environment","C/Cpp , Java , Python, MATLAB","PROTO, VRML97, URDF,SDF,X3D","ODE/ODE2, Bullet Physics, Vortex, Simbody","Windows, Fedora,Ubuntu,CentOS, macOS",Good,Easy
7,25.8,75.9,0.0,15.30379424,Webots,Turtle Bot,Free for all Use Cases,Yes,Compatible with both ROS1 and ROS2,"Object level functionality to add,update and delete features in the environment","C/Cpp , Java , Python, MATLAB","PROTO, VRML97, URDF,SDF,X3D","ODE/ODE2, Bullet Physics, Vortex, Simbody","Windows, Fedora,Ubuntu,CentOS, macOS",Good,Easy
8,2.4,75.9,0.0,15.14348232,Webots,Turtle Bot,Free for all Use Cases,Yes,Compatible with both ROS1 and ROS2,"Object level functionality to add,update and delete features in the environment","C/Cpp , Java , Python, MATLAB","PROTO, VRML97, URDF,SDF,X3D","ODE/ODE2, Bullet Physics, Vortex, Simbody","Windows, Fedora,Ubuntu,CentOS, macOS",Good,Easy
9,0.0,75.9,0.0,14.99849779,Webots,Turtle Bot,Free for all Use Cases,Yes,Compatible with both ROS1 and ROS2,"Object level functionality to add,update and delete features in the environment","C/Cpp , Java , Python, MATLAB","PROTO, VRML97, URDF,SDF,X3D","ODE/ODE2, Bullet Physics, Vortex, Simbody","Windows, Fedora,Ubuntu,CentOS, macOS",Good,Easy
10,2.5,75.9,0.0,14.86867083,Webots,Turtle Bot,Free for all Use Cases,Yes,Compatible with both ROS1 and ROS2,"Object level functionality to add,update and delete features in the environment","C/Cpp , Java , Python, MATLAB","PROTO, VRML97, URDF,SDF,X3D","ODE/ODE2, Bullet Physics, Vortex, Simbody","Windows, Fedora,Ubuntu,CentOS, macOS",Good,Easy
11,9.4,75.9,0.0,14.88930212,Webots,Turtle Bot,Free for all Use Cases,Yes,Compatible with both ROS1 and ROS2,"Object level functionality to add,update and delete features in the environment","C/Cpp , Java , Python, MATLAB","PROTO, VRML97, URDF,SDF,X3D","ODE/ODE2, Bullet Physics, Vortex, Simbody","Windows, Fedora,Ubuntu,CentOS, macOS",Good,Easy
1,41.0,3.9,23.0,0.0,Gazebo,Spot,Free for all use cases,Yes,Compatible with both ROS1 and ROS2,Provides a powerful user interface for designing and testing robotics,"C/C++, Python","SDF, URDF","ODE, Bullet, Simbody, DART","Linux (Ubuntu, Fedora), with limited support on macOS and Windows via Docker or Virtual Machine",Best,Difficult
2,39.5,3.9,25.0,0.0,Gazebo,Spot,Free for all use cases,Yes,Compatible with both ROS1 and ROS2,Provides a powerful user interface for designing and testing robotics,"C/C++, Python","SDF, URDF","ODE, Bullet, Simbody, DART","Linux (Ubuntu, Fedora), with limited support on macOS and Windows via Docker or Virtual Machine",Best,Difficult
3,39.3,3.9,26.0,0.0,Gazebo,Spot,Free for all use cases,Yes,Compatible with both ROS1 and ROS2,Provides a powerful user interface for designing and testing robotics,"C/C++, Python","SDF, URDF","ODE, Bullet, Simbody, DART","Linux (Ubuntu, Fedora), with limited support on macOS and Windows via Docker or Virtual Machine",Best,Difficult
4,40.6,3.9,27.0,0.0,Gazebo,Spot,Free for all use cases,Yes,Compatible with both ROS1 and ROS2,Provides a powerful user interface for designing and testing robotics,"C/C++, Python","SDF, URDF","ODE, Bullet, Simbody, DART","Linux (Ubuntu, Fedora), with limited support on macOS and Windows via Docker or Virtual Machine",Best,Difficult
5,42.6,3.9,28.0,0.0,Gazebo,Spot,Free for all use cases,Yes,Compatible with both ROS1 and ROS2,Provides a powerful user interface for designing and testing robotics,"C/C++, Python","SDF, URDF","ODE, Bullet, Simbody, DART","Linux (Ubuntu, Fedora), with limited support on macOS and Windows via Docker or Virtual Machine",Best,Difficult
6,41.4,3.9,28.0,0.0,Gazebo,Spot,Free for all use cases,Yes,Compatible with both ROS1 and ROS2,Provides a powerful user interface for designing and testing robotics,"C/C++, Python","SDF, URDF","ODE, Bullet, Simbody, DART","Linux (Ubuntu, Fedora), with limited support on macOS and Windows via Docker or Virtual Machine",Best,Difficult
7,43.2,3.9,28.0,0.0,Gazebo,Spot,Free for all use cases,Yes,Compatible with both ROS1 and ROS2,Provides a powerful user interface for designing and testing robotics,"C/C++, Python","SDF, URDF","ODE, Bullet, Simbody, DART","Linux (Ubuntu, Fedora), with limited support on macOS and Windows via Docker or Virtual Machine",Best,Difficult
8,43.0,3.9,29.0,0.0,Gazebo,Spot,Free for all use cases,Yes,Compatible with both ROS1 and ROS2,Provides a powerful user interface for designing and testing robotics,"C/C++, Python","SDF, URDF","ODE, Bullet, Simbody, DART","Linux (Ubuntu, Fedora), with limited support on macOS and Windows via Docker or Virtual Machine",Best,Difficult
9,43.8,3.9,29.0,0.0,Gazebo,Spot,Free for all use cases,Yes,Compatible with both ROS1 and ROS2,Provides a powerful user interface for designing and testing robotics,"C/C++, Python","SDF, URDF","ODE, Bullet, Simbody, DART","Linux (Ubuntu, Fedora), with limited support on macOS and Windows via Docker or Virtual Machine",Best,Difficult
10,40.6,3.9,29.0,0.0,Gazebo,Spot,Free for all use cases,Yes,Compatible with both ROS1 and ROS2,Provides a powerful user interface for designing and testing robotics,"C/C++, Python","SDF, URDF","ODE, Bullet, Simbody, DART","Linux (Ubuntu, Fedora), with limited support on macOS and Windows via Docker or Virtual Machine",Best,Difficult
11,38.4,3.9,29.0,0.0,Gazebo,Spot,Free for all use cases,Yes,Compatible with both ROS1 and ROS2,Provides a powerful user interface for designing and testing robotics,"C/C++, Python","SDF, URDF","ODE, Bullet, Simbody, DART","Linux (Ubuntu, Fedora), with limited support on macOS and Windows via Docker or Virtual Machine",Best,Difficult
12,35.4,3.9,29.0,0.0,Gazebo,Spot,Free for all use cases,Yes,Compatible with both ROS1 and ROS2,Provides a powerful user interface for designing and testing robotics,"C/C++, Python","SDF, URDF","ODE, Bullet, Simbody, DART","Linux (Ubuntu, Fedora), with limited support on macOS and Windows via Docker or Virtual Machine",Best,Difficult
13,34.5,3.9,29.0,0.0,Gazebo,Spot,Free for all use cases,Yes,Compatible with both ROS1 and ROS2,Provides a powerful user interface for designing and testing robotics,"C/C++, Python","SDF, URDF","ODE, Bullet, Simbody, DART","Linux (Ubuntu, Fedora), with limited support on macOS and Windows via Docker or Virtual Machine",Best,Difficult
14,34.6,3.9,29.0,0.0,Gazebo,Spot,Free for all use cases,Yes,Compatible with both ROS1 and ROS2,Provides a powerful user interface for designing and testing robotics,"C/C++, Python","SDF, URDF","ODE, Bullet, Simbody, DART","Linux (Ubuntu, Fedora), with limited support on macOS and Windows via Docker or Virtual Machine",Best,Difficult
15,35.9,3.9,29.0,0.0,Gazebo,Spot,Free for all use cases,Yes,Compatible with both ROS1 and ROS2,Provides a powerful user interface for designing and testing robotics,"C/C++, Python","SDF, URDF","ODE, Bullet, Simbody, DART","Linux (Ubuntu, Fedora), with limited support on macOS and Windows via Docker or Virtual Machine",Best,Difficult
1,241.7,0.254634725,32.8,0.0,CoppeliaSim,Spot,Free for education purposes,Yes,Both ROS1 and ROS2 supported,All tools available for manipulating the environments as well as the objects in the environment,"C/C++, Lua, Python, Java, Matlab, Octave","URDF, SDF, Stl, Obj, Dxf, Collada","Bullet, ODE, Newton and Vortex","Windows, Ubuntu, MacOS",Average,Easy
2,243.7,0.254634725,28.04,0.0,CoppeliaSim,Spot,Free for education purposes,Yes,Both ROS1 and ROS2 supported,All tools available for manipulating the environments as well as the objects in the environment,"C/C++, Lua, Python, Java, Matlab, Octave","URDF, SDF, Stl, Obj, Dxf, Collada","Bullet, ODE, Newton and Vortex","Windows, Ubuntu, MacOS",Average,Easy
3,235.6,0.254634725,26.7,0.0,CoppeliaSim,Spot,Free for education purposes,Yes,Both ROS1 and ROS2 supported,All tools available for manipulating the environments as well as the objects in the environment,"C/C++, Lua, Python, Java, Matlab, Octave","URDF, SDF, Stl, Obj, Dxf, Collada","Bullet, ODE, Newton and Vortex","Windows, Ubuntu, MacOS",Average,Easy
4,240.7,0.254834874,27.51,0.0,CoppeliaSim,Spot,Free for education purposes,Yes,Both ROS1 and ROS2 supported,All tools available for manipulating the environments as well as the objects in the environment,"C/C++, Lua, Python, Java, Matlab, Octave","URDF, SDF, Stl, Obj, Dxf, Collada","Bullet, ODE, Newton and Vortex","Windows, Ubuntu, MacOS",Average,Easy
5,231.7,0.254834874,29.56,0.0,CoppeliaSim,Spot,Free for education purposes,Yes,Both ROS1 and ROS2 supported,All tools available for manipulating the environments as well as the objects in the environment,"C/C++, Lua, Python, Java, Matlab, Octave","URDF, SDF, Stl, Obj, Dxf, Collada","Bullet, ODE, Newton and Vortex","Windows, Ubuntu, MacOS",Average,Easy
6,240.7,0.254834874,29.58,0.0,CoppeliaSim,Spot,Free for education purposes,Yes,Both ROS1 and ROS2 supported,All tools available for manipulating the environments as well as the objects in the environment,"C/C++, Lua, Python, Java, Matlab, Octave","URDF, SDF, Stl, Obj, Dxf, Collada","Bullet, ODE, Newton and Vortex","Windows, Ubuntu, MacOS",Average,Easy
7,237.7,0.254834874,30.35,0.0,CoppeliaSim,Spot,Free for education purposes,Yes,Both ROS1 and ROS2 supported,All tools available for manipulating the environments as well as the objects in the environment,"C/C++, Lua, Python, Java, Matlab, Octave","URDF, SDF, Stl, Obj, Dxf, Collada","Bullet, ODE, Newton and Vortex","Windows, Ubuntu, MacOS",Average,Easy
8,230.7,0.254834874,32.78,0.0,CoppeliaSim,Spot,Free for education purposes,Yes,Both ROS1 and ROS2 supported,All tools available for manipulating the environments as well as the objects in the environment,"C/C++, Lua, Python, Java, Matlab, Octave","URDF, SDF, Stl, Obj, Dxf, Collada","Bullet, ODE, Newton and Vortex","Windows, Ubuntu, MacOS",Average,Easy
9,233.8,0.254834874,30.67,0.0,CoppeliaSim,Spot,Free for education purposes,Yes,Both ROS1 and ROS2 supported,All tools available for manipulating the environments as well as the objects in the environment,"C/C++, Lua, Python, Java, Matlab, Octave","URDF, SDF, Stl, Obj, Dxf, Collada","Bullet, ODE, Newton and Vortex","Windows, Ubuntu, MacOS",Average,Easy
10,231.6,0.254834874,30.64,0.0,CoppeliaSim,Spot,Free for education purposes,Yes,Both ROS1 and ROS2 supported,All tools available for manipulating the environments as well as the objects in the environment,"C/C++, Lua, Python, Java, Matlab, Octave","URDF, SDF, Stl, Obj, Dxf, Collada","Bullet, ODE, Newton and Vortex","Windows, Ubuntu, MacOS",Average,Easy
11,232.7,0.254834874,30.32,0.0,CoppeliaSim,Spot,Free for education purposes,Yes,Both ROS1 and ROS2 supported,All tools available for manipulating the environments as well as the objects in the environment,"C/C++, Lua, Python, Java, Matlab, Octave","URDF, SDF, Stl, Obj, Dxf, Collada","Bullet, ODE, Newton and Vortex","Windows, Ubuntu, MacOS",Average,Easy
12,240.7,0.254834874,30.06,0.0,CoppeliaSim,Spot,Free for education purposes,Yes,Both ROS1 and ROS2 supported,All tools available for manipulating the environments as well as the objects in the environment,"C/C++, Lua, Python, Java, Matlab, Octave","URDF, SDF, Stl, Obj, Dxf, Collada","Bullet, ODE, Newton and Vortex","Windows, Ubuntu, MacOS",Average,Easy
13,239.7,0.254834874,34.32,0.0,CoppeliaSim,Spot,Free for education purposes,Yes,Both ROS1 and ROS2 supported,All tools available for manipulating the environments as well as the objects in the environment,"C/C++, Lua, Python, Java, Matlab, Octave","URDF, SDF, Stl, Obj, Dxf, Collada","Bullet, ODE, Newton and Vortex","Windows, Ubuntu, MacOS",Average,Easy
14,226.7,0.254834874,32.31,0.0,CoppeliaSim,Spot,Free for education purposes,Yes,Both ROS1 and ROS2 supported,All tools available for manipulating the environments as well as the objects in the environment,"C/C++, Lua, Python, Java, Matlab, Octave","URDF, SDF, Stl, Obj, Dxf, Collada","Bullet, ODE, Newton and Vortex","Windows, Ubuntu, MacOS",Average,Easy
15,240.6,0.254834874,33.74,0.0,CoppeliaSim,Spot,Free for education purposes,Yes,Both ROS1 and ROS2 supported,All tools available for manipulating the environments as well as the objects in the environment,"C/C++, Lua, Python, Java, Matlab, Octave","URDF, SDF, Stl, Obj, Dxf, Collada","Bullet, ODE, Newton and Vortex","Windows, Ubuntu, MacOS",Average,Easy
1,3.8,44.5,32.69,35.0,Isaac Sim,Spot,Free to use,Yes,Yes,All tools available for robot manipulation and simulation. It has a photorealistic interface.,Python,"Obj,GLTF,FBX,BMP,DDS,EXR,GIF,HDR,JPEG,JPG,TIF,PNG,PSD,TGA",PhysX,Windows and Ubuntu,Good,Easy
2,4.5,44.6,32.53,38.0,Isaac Sim,Spot,Free to use,Yes,Yes,All tools available for robot manipulation and simulation. It has a photorealistic interface.,Python,"Obj,GLTF,FBX,BMP,DDS,EXR,GIF,HDR,JPEG,JPG,TIF,PNG,PSD,TGA",PhysX,Windows and Ubuntu,Good,Easy
3,4.1,44.6,32.68,39.0,Isaac Sim,Spot,Free to use,Yes,Yes,All tools available for robot manipulation and simulation. It has a photorealistic interface.,Python,"Obj,GLTF,FBX,BMP,DDS,EXR,GIF,HDR,JPEG,JPG,TIF,PNG,PSD,TGA",PhysX,Windows and Ubuntu,Good,Easy
4,5.7,44.5,32.51,37.0,Isaac Sim,Spot,Free to use,Yes,Yes,All tools available for robot manipulation and simulation. It has a photorealistic interface.,Python,"Obj,GLTF,FBX,BMP,DDS,EXR,GIF,HDR,JPEG,JPG,TIF,PNG,PSD,TGA",PhysX,Windows and Ubuntu,Good,Easy
5,4.1,44.5,32.74,41.0,Isaac Sim,Spot,Free to use,Yes,Yes,All tools available for robot manipulation and simulation. It has a photorealistic interface.,Python,"Obj,GLTF,FBX,BMP,DDS,EXR,GIF,HDR,JPEG,JPG,TIF,PNG,PSD,TGA",PhysX,Windows and Ubuntu,Good,Easy
6,3.8,44.5,32.71,31.0,Isaac Sim,Spot,Free to use,Yes,Yes,All tools available for robot manipulation and simulation. It has a photorealistic interface.,Python,"Obj,GLTF,FBX,BMP,DDS,EXR,GIF,HDR,JPEG,JPG,TIF,PNG,PSD,TGA",PhysX,Windows and Ubuntu,Good,Easy
7,6.3,44.5,32.49,39.0,Isaac Sim,Spot,Free to use,Yes,Yes,All tools available for robot manipulation and simulation. It has a photorealistic interface.,Python,"Obj,GLTF,FBX,BMP,DDS,EXR,GIF,HDR,JPEG,JPG,TIF,PNG,PSD,TGA",PhysX,Windows and Ubuntu,Good,Easy
8,4.1,44.5,32.52,40.0,Isaac Sim,Spot,Free to use,Yes,Yes,All tools available for robot manipulation and simulation. It has a photorealistic interface.,Python,"Obj,GLTF,FBX,BMP,DDS,EXR,GIF,HDR,JPEG,JPG,TIF,PNG,PSD,TGA",PhysX,Windows and Ubuntu,Good,Easy
9,3.4,44.6,32.69,31.0,Isaac Sim,Spot,Free to use,Yes,Yes,All tools available for robot manipulation and simulation. It has a photorealistic interface.,Python,"Obj,GLTF,FBX,BMP,DDS,EXR,GIF,HDR,JPEG,JPG,TIF,PNG,PSD,TGA",PhysX,Windows and Ubuntu,Good,Easy
10,7.0,44.6,32.53,31.0,Isaac Sim,Spot,Free to use,Yes,Yes,All tools available for robot manipulation and simulation. It has a photorealistic interface.,Python,"Obj,GLTF,FBX,BMP,DDS,EXR,GIF,HDR,JPEG,JPG,TIF,PNG,PSD,TGA",PhysX,Windows and Ubuntu,Good,Easy
11,4.5,44.6,32.73,35.0,Isaac Sim,Spot,Free to use,Yes,Yes,All tools available for robot manipulation and simulation. It has a photorealistic interface.,Python,"Obj,GLTF,FBX,BMP,DDS,EXR,GIF,HDR,JPEG,JPG,TIF,PNG,PSD,TGA",PhysX,Windows and Ubuntu,Good,Easy
12,5.2,44.6,32.69,38.0,Isaac Sim,Spot,Free to use,Yes,Yes,All tools available for robot manipulation and simulation. It has a photorealistic interface.,Python,"Obj,GLTF,FBX,BMP,DDS,EXR,GIF,HDR,JPEG,JPG,TIF,PNG,PSD,TGA",PhysX,Windows and Ubuntu,Good,Easy
13,3.9,44.6,32.53,30.0,Isaac Sim,Spot,Free to use,Yes,Yes,All tools available for robot manipulation and simulation. It has a photorealistic interface.,Python,"Obj,GLTF,FBX,BMP,DDS,EXR,GIF,HDR,JPEG,JPG,TIF,PNG,PSD,TGA",PhysX,Windows and Ubuntu,Good,Easy
14,4.0,44.6,32.51,34.0,Isaac Sim,Spot,Free to use,Yes,Yes,All tools available for robot manipulation and simulation. It has a photorealistic interface.,Python,"Obj,GLTF,FBX,BMP,DDS,EXR,GIF,HDR,JPEG,JPG,TIF,PNG,PSD,TGA",PhysX,Windows and Ubuntu,Good,Easy
15,4.3,44.6,32.54,31.0,Isaac Sim,Spot,Free to use,Yes,Yes,All tools available for robot manipulation and simulation. It has a photorealistic interface.,Python,"Obj,GLTF,FBX,BMP,DDS,EXR,GIF,HDR,JPEG,JPG,TIF,PNG,PSD,TGA",PhysX,Windows and Ubuntu,Good,Easy
1,12.5,81.3,21.26291645731615,0.0,Webots,Spot,Free for all Use Cases,Yes,Compatible with both ROS1 and ROS2,"Object level functionality to add,update and delete features in the environment","C/Cpp , Java , Python, MATLAB","PROTO, VRML97, URDF,SDF,X3D","ODE/ODE2, Bullet Physics, Vortex, Simbody","Windows, Fedora,Ubuntu,CentOS, macOS",Good,Easy
2,12.5,81.3,21.511039514216023,0.0,Webots,Spot,Free for all Use Cases,Yes,Compatible with both ROS1 and ROS2,"Object level functionality to add,update and delete features in the environment","C/Cpp , Java , Python, MATLAB","PROTO, VRML97, URDF,SDF,X3D","ODE/ODE2, Bullet Physics, Vortex, Simbody","Windows, Fedora,Ubuntu,CentOS, macOS",Good,Easy
3,13.3,81.2,21.650942824025023,0.0,Webots,Spot,Free for all Use Cases,Yes,Compatible with both ROS1 and ROS2,"Object level functionality to add,update and delete features in the environment","C/Cpp , Java , Python, MATLAB","PROTO, VRML97, URDF,SDF,X3D","ODE/ODE2, Bullet Physics, Vortex, Simbody","Windows, Fedora,Ubuntu,CentOS, macOS",Good,Easy
4,0.0,81.2,22.34795162430436,0.0,Webots,Spot,Free for all Use Cases,Yes,Compatible with both ROS1 and ROS2,"Object level functionality to add,update and delete features in the environment","C/Cpp , Java , Python, MATLAB","PROTO, VRML97, URDF,SDF,X3D","ODE/ODE2, Bullet Physics, Vortex, Simbody","Windows, Fedora,Ubuntu,CentOS, macOS",Good,Easy
5,15.8,81.2,22.51607681381612,0.0,Webots,Spot,Free for all Use Cases,Yes,Compatible with both ROS1 and ROS2,"Object level functionality to add,update and delete features in the environment","C/Cpp , Java , Python, MATLAB","PROTO, VRML97, URDF,SDF,X3D","ODE/ODE2, Bullet Physics, Vortex, Simbody","Windows, Fedora,Ubuntu,CentOS, macOS",Good,Easy
6,9.5,81.2,22.51818128130654,0.0,Webots,Spot,Free for all Use Cases,Yes,Compatible with both ROS1 and ROS2,"Object level functionality to add,update and delete features in the environment","C/Cpp , Java , Python, MATLAB","PROTO, VRML97, URDF,SDF,X3D","ODE/ODE2, Bullet Physics, Vortex, Simbody","Windows, Fedora,Ubuntu,CentOS, macOS",Good,Easy
7,18.8,81.2,22.796152544883128,0.0,Webots,Spot,Free for all Use Cases,Yes,Compatible with both ROS1 and ROS2,"Object level functionality to add,update and delete features in the environment","C/Cpp , Java , Python, MATLAB","PROTO, VRML97, URDF,SDF,X3D","ODE/ODE2, Bullet Physics, Vortex, Simbody","Windows, Fedora,Ubuntu,CentOS, macOS",Good,Easy
8,12.5,81.2,23.114838805248947,0.0,Webots,Spot,Free for all Use Cases,Yes,Compatible with both ROS1 and ROS2,"Object level functionality to add,update and delete features in the environment","C/Cpp , Java , Python, MATLAB","PROTO, VRML97, URDF,SDF,X3D","ODE/ODE2, Bullet Physics, Vortex, Simbody","Windows, Fedora,Ubuntu,CentOS, macOS",Good,Easy
9,12.5,81.3,22.70568408814274,0.0,Webots,Spot,Free for all Use Cases,Yes,Compatible with both ROS1 and ROS2,"Object level functionality to add,update and delete features in the environment","C/Cpp , Java , Python, MATLAB","PROTO, VRML97, URDF,SDF,X3D","ODE/ODE2, Bullet Physics, Vortex, Simbody","Windows, Fedora,Ubuntu,CentOS, macOS",Good,Easy
10,9.1,81.3,23.21257837966473,0.0,Webots,Spot,Free for all Use Cases,Yes,Compatible with both ROS1 and ROS2,"Object level functionality to add,update and delete features in the environment","C/Cpp , Java , Python, MATLAB","PROTO, VRML97, URDF,SDF,X3D","ODE/ODE2, Bullet Physics, Vortex, Simbody","Windows, Fedora,Ubuntu,CentOS, macOS",Good,Easy
11,9.1,81.3,23.55012400658374,0.0,Webots,Spot,Free for all Use Cases,Yes,Compatible with both ROS1 and ROS2,"Object level functionality to add,update and delete features in the environment","C/Cpp , Java , Python, MATLAB","PROTO, VRML97, URDF,SDF,X3D","ODE/ODE2, Bullet Physics, Vortex, Simbody","Windows, Fedora,Ubuntu,CentOS, macOS",Good,Easy
12,13.3,81.3,23.863055849071703,0.0,Webots,Spot,Free for all Use Cases,Yes,Compatible with both ROS1 and ROS2,"Object level functionality to add,update and delete features in the environment","C/Cpp , Java , Python, MATLAB","PROTO, VRML97, URDF,SDF,X3D","ODE/ODE2, Bullet Physics, Vortex, Simbody","Windows, Fedora,Ubuntu,CentOS, macOS",Good,Easy
13,10.5,81.3,23.951305967272727,0.0,Webots,Spot,Free for all Use Cases,Yes,Compatible with both ROS1 and ROS2,"Object level functionality to add,update and delete features in the environment","C/Cpp , Java , Python, MATLAB","PROTO, VRML97, URDF,SDF,X3D","ODE/ODE2, Bullet Physics, Vortex, Simbody","Windows, Fedora,Ubuntu,CentOS, macOS",Good,Easy
14,12.5,81.3,24.250799106388488,0.0,Webots,Spot,Free for all Use Cases,Yes,Compatible with both ROS1 and ROS2,"Object level functionality to add,update and delete features in the environment","C/Cpp , Java , Python, MATLAB","PROTO, VRML97, URDF,SDF,X3D","ODE/ODE2, Bullet Physics, Vortex, Simbody","Windows, Fedora,Ubuntu,CentOS, macOS",Good,Easy
15,18.8,81.3,24.383171439196456,0.0,Webots,Spot,Free for all Use Cases,Yes,Compatible with both ROS1 and ROS2,"Object level functionality to add,update and delete features in the environment","C/Cpp , Java , Python, MATLAB","PROTO, VRML97, URDF,SDF,X3D","ODE/ODE2, Bullet Physics, Vortex, Simbody","Windows, Fedora,Ubuntu,CentOS, macOS",Good,Easy
1,77.7,3.7,18.64,0.0,Gazebo,Rover,Free for all use cases,Yes,Compatible with both ROS1 and ROS2,Provides a powerful user interface for designing and testing robotics,"C/C++, Python","SDF, URDF","ODE, Bullet, Simbody, DART","Linux (Ubuntu, Fedora), with limited support on macOS and Windows via Docker or Virtual Machine",Best,Difficult
2,77.2,3.7,23.39,0.0,Gazebo,Rover,Free for all use cases,Yes,Compatible with both ROS1 and ROS2,Provides a powerful user interface for designing and testing robotics,"C/C++, Python","SDF, URDF","ODE, Bullet, Simbody, DART","Linux (Ubuntu, Fedora), with limited support on macOS and Windows via Docker or Virtual Machine",Best,Difficult
3,77.3,3.7,25.54,0.0,Gazebo,Rover,Free for all use cases,Yes,Compatible with both ROS1 and ROS2,Provides a powerful user interface for designing and testing robotics,"C/C++, Python","SDF, URDF","ODE, Bullet, Simbody, DART","Linux (Ubuntu, Fedora), with limited support on macOS and Windows via Docker or Virtual Machine",Best,Difficult
4,77.2,3.7,26.77,0.0,Gazebo,Rover,Free for all use cases,Yes,Compatible with both ROS1 and ROS2,Provides a powerful user interface for designing and testing robotics,"C/C++, Python","SDF, URDF","ODE, Bullet, Simbody, DART","Linux (Ubuntu, Fedora), with limited support on macOS and Windows via Docker or Virtual Machine",Best,Difficult
5,78.3,3.7,27.62,0.0,Gazebo,Rover,Free for all use cases,Yes,Compatible with both ROS1 and ROS2,Provides a powerful user interface for designing and testing robotics,"C/C++, Python","SDF, URDF","ODE, Bullet, Simbody, DART","Linux (Ubuntu, Fedora), with limited support on macOS and Windows via Docker or Virtual Machine",Best,Difficult
6,80.6,3.7,28.21,0.0,Gazebo,Rover,Free for all use cases,Yes,Compatible with both ROS1 and ROS2,Provides a powerful user interface for designing and testing robotics,"C/C++, Python","SDF, URDF","ODE, Bullet, Simbody, DART","Linux (Ubuntu, Fedora), with limited support on macOS and Windows via Docker or Virtual Machine",Best,Difficult
7,80.8,3.7,28.65,0.0,Gazebo,Rover,Free for all use cases,Yes,Compatible with both ROS1 and ROS2,Provides a powerful user interface for designing and testing robotics,"C/C++, Python","SDF, URDF","ODE, Bullet, Simbody, DART","Linux (Ubuntu, Fedora), with limited support on macOS and Windows via Docker or Virtual Machine",Best,Difficult
8,80.5,3.7,28.97,0.0,Gazebo,Rover,Free for all use cases,Yes,Compatible with both ROS1 and ROS2,Provides a powerful user interface for designing and testing robotics,"C/C++, Python","SDF, URDF","ODE, Bullet, Simbody, DART","Linux (Ubuntu, Fedora), with limited support on macOS and Windows via Docker or Virtual Machine",Best,Difficult
9,80.1,3.7,29.23,0.0,Gazebo,Rover,Free for all use cases,Yes,Compatible with both ROS1 and ROS2,Provides a powerful user interface for designing and testing robotics,"C/C++, Python","SDF, URDF","ODE, Bullet, Simbody, DART","Linux (Ubuntu, Fedora), with limited support on macOS and Windows via Docker or Virtual Machine",Best,Difficult
10,80.6,3.7,29.41,0.0,Gazebo,Rover,Free for all use cases,Yes,Compatible with both ROS1 and ROS2,Provides a powerful user interface for designing and testing robotics,"C/C++, Python","SDF, URDF","ODE, Bullet, Simbody, DART","Linux (Ubuntu, Fedora), with limited support on macOS and Windows via Docker or Virtual Machine",Best,Difficult
11,78.9,3.7,29.61,0.0,Gazebo,Rover,Free for all use cases,Yes,Compatible with both ROS1 and ROS2,Provides a powerful user interface for designing and testing robotics,"C/C++, Python","SDF, URDF","ODE, Bullet, Simbody, DART","Linux (Ubuntu, Fedora), with limited support on macOS and Windows via Docker or Virtual Machine",Best,Difficult
12,80.2,3.7,29.77,0.0,Gazebo,Rover,Free for all use cases,Yes,Compatible with both ROS1 and ROS2,Provides a powerful user interface for designing and testing robotics,"C/C++, Python","SDF, URDF","ODE, Bullet, Simbody, DART","Linux (Ubuntu, Fedora), with limited support on macOS and Windows via Docker or Virtual Machine",Best,Difficult
13,80.7,3.7,29.88,0.0,Gazebo,Rover,Free for all use cases,Yes,Compatible with both ROS1 and ROS2,Provides a powerful user interface for designing and testing robotics,"C/C++, Python","SDF, URDF","ODE, Bullet, Simbody, DART","Linux (Ubuntu, Fedora), with limited support on macOS and Windows via Docker or Virtual Machine",Best,Difficult
14,80.9,3.7,29.97,0.0,Gazebo,Rover,Free for all use cases,Yes,Compatible with both ROS1 and ROS2,Provides a powerful user interface for designing and testing robotics,"C/C++, Python","SDF, URDF","ODE, Bullet, Simbody, DART","Linux (Ubuntu, Fedora), with limited support on macOS and Windows via Docker or Virtual Machine",Best,Difficult
15,81.2,3.7,30.06,0.0,Gazebo,Rover,Free for all use cases,Yes,Compatible with both ROS1 and ROS2,Provides a powerful user interface for designing and testing robotics,"C/C++, Python","SDF, URDF","ODE, Bullet, Simbody, DART","Linux (Ubuntu, Fedora), with limited support on macOS and Windows via Docker or Virtual Machine",Best,Difficult
1,12.5,85.4,50.43992570718476,0.0,Webots,Rover,Free for all Use Cases,Yes,Compatible with both ROS1 and ROS2,"Object level functionality to add,update and delete features in the environment","C/Cpp , Java , Python, MATLAB","PROTO, VRML97, URDF,SDF,X3D","ODE/ODE2, Bullet Physics, Vortex, Simbody","Windows, Fedora,Ubuntu,CentOS, macOS",Good,Easy
2,18.8,85.4,50.0607265,0.0,Webots,Rover,Free for all Use Cases,Yes,Compatible with both ROS1 and ROS2,"Object level functionality to add,update and delete features in the environment","C/Cpp , Java , Python, MATLAB","PROTO, VRML97, URDF,SDF,X3D","ODE/ODE2, Bullet Physics, Vortex, Simbody","Windows, Fedora,Ubuntu,CentOS, macOS",Good,Easy
3,17.6,85.4,49.64123091339024,0.0,Webots,Rover,Free for all Use Cases,Yes,Compatible with both ROS1 and ROS2,"Object level functionality to add,update and delete features in the environment","C/Cpp , Java , Python, MATLAB","PROTO, VRML97, URDF,SDF,X3D","ODE/ODE2, Bullet Physics, Vortex, Simbody","Windows, Fedora,Ubuntu,CentOS, macOS",Good,Easy
4,12.5,85.4,49.32044086503242,0.0,Webots,Rover,Free for all Use Cases,Yes,Compatible with both ROS1 and ROS2,"Object level functionality to add,update and delete features in the environment","C/Cpp , Java , Python, MATLAB","PROTO, VRML97, URDF,SDF,X3D","ODE/ODE2, Bullet Physics, Vortex, Simbody","Windows, Fedora,Ubuntu,CentOS, macOS",Good,Easy
5,12.5,85.4,48.880949713571646,0.0,Webots,Rover,Free for all Use Cases,Yes,Compatible with both ROS1 and ROS2,"Object level functionality to add,update and delete features in the environment","C/Cpp , Java , Python, MATLAB","PROTO, VRML97, URDF,SDF,X3D","ODE/ODE2, Bullet Physics, Vortex, Simbody","Windows, Fedora,Ubuntu,CentOS, macOS",Good,Easy
6,6.2,85.4,48.56833806,0.0,Webots,Rover,Free for all Use Cases,Yes,Compatible with both ROS1 and ROS2,"Object level functionality to add,update and delete features in the environment","C/Cpp , Java , Python, MATLAB","PROTO, VRML97, URDF,SDF,X3D","ODE/ODE2, Bullet Physics, Vortex, Simbody","Windows, Fedora,Ubuntu,CentOS, macOS",Good,Easy
7,19.0,85.4,48.25052394677287,0.0,Webots,Rover,Free for all Use Cases,Yes,Compatible with both ROS1 and ROS2,"Object level functionality to add,update and delete features in the environment","C/Cpp , Java , Python, MATLAB","PROTO, VRML97, URDF,SDF,X3D","ODE/ODE2, Bullet Physics, Vortex, Simbody","Windows, Fedora,Ubuntu,CentOS, macOS",Good,Easy
8,10.0,85.4,48.06317903918357,0.0,Webots,Rover,Free for all Use Cases,Yes,Compatible with both ROS1 and ROS2,"Object level functionality to add,update and delete features in the environment","C/Cpp , Java , Python, MATLAB","PROTO, VRML97, URDF,SDF,X3D","ODE/ODE2, Bullet Physics, Vortex, Simbody","Windows, Fedora,Ubuntu,CentOS, macOS",Good,Easy
9,5.9,85.4,48.51202567557163,0.0,Webots,Rover,Free for all Use Cases,Yes,Compatible with both ROS1 and ROS2,"Object level functionality to add,update and delete features in the environment","C/Cpp , Java , Python, MATLAB","PROTO, VRML97, URDF,SDF,X3D","ODE/ODE2, Bullet Physics, Vortex, Simbody","Windows, Fedora,Ubuntu,CentOS, macOS",Good,Easy
10,6.2,85.4,48.66489168153789,0.0,Webots,Rover,Free for all Use Cases,Yes,Compatible with both ROS1 and ROS2,"Object level functionality to add,update and delete features in the environment","C/Cpp , Java , Python, MATLAB","PROTO, VRML97, URDF,SDF,X3D","ODE/ODE2, Bullet Physics, Vortex, Simbody","Windows, Fedora,Ubuntu,CentOS, macOS",Good,Easy
11,12.5,85.4,48.48894238039711,0.0,Webots,Rover,Free for all Use Cases,Yes,Compatible with both ROS1 and ROS2,"Object level functionality to add,update and delete features in the environment","C/Cpp , Java , Python, MATLAB","PROTO, VRML97, URDF,SDF,X3D","ODE/ODE2, Bullet Physics, Vortex, Simbody","Windows, Fedora,Ubuntu,CentOS, macOS",Good,Easy
12,12.5,85.4,48.32465390792446,0.0,Webots,Rover,Free for all Use Cases,Yes,Compatible with both ROS1 and ROS2,"Object level functionality to add,update and delete features in the environment","C/Cpp , Java , Python, MATLAB","PROTO, VRML97, URDF,SDF,X3D","ODE/ODE2, Bullet Physics, Vortex, Simbody","Windows, Fedora,Ubuntu,CentOS, macOS",Good,Easy
13,6.7,85.4,48.29871781433479,0.0,Webots,Rover,Free for all Use Cases,Yes,Compatible with both ROS1 and ROS2,"Object level functionality to add,update and delete features in the environment","C/Cpp , Java , Python, MATLAB","PROTO, VRML97, URDF,SDF,X3D","ODE/ODE2, Bullet Physics, Vortex, Simbody","Windows, Fedora,Ubuntu,CentOS, macOS",Good,Easy
14,11.1,85.4,48.751419488693486,0.0,Webots,Rover,Free for all Use Cases,Yes,Compatible with both ROS1 and ROS2,"Object level functionality to add,update and delete features in the environment","C/Cpp , Java , Python, MATLAB","PROTO, VRML97, URDF,SDF,X3D","ODE/ODE2, Bullet Physics, Vortex, Simbody","Windows, Fedora,Ubuntu,CentOS, macOS",Good,Easy
15,33.3,85.3,49.52562268784204,0.0,Webots,Rover,Free for all Use Cases,Yes,Compatible with both ROS1 and ROS2,"Object level functionality to add,update and delete features in the environment","C/Cpp , Java , Python, MATLAB","PROTO, VRML97, URDF,SDF,X3D","ODE/ODE2, Bullet Physics, Vortex, Simbody","Windows, Fedora,Ubuntu,CentOS, macOS",Good,Easy
1,7.0,48.4,32.68,40.0,Isaac Sim,Rover,Free to use,Yes,Yes,All tools available for robot manipulation and simulation. It has a photorealistic interface.,Python,"Obj,GLTF,FBX,BMP,DDS,EXR,GIF,HDR,JPEG,JPG,TIF,PNG,PSD,TGA",PhysX,Windows and Ubuntu,Good,Easy
2,6.8,48.4,32.74,33.0,Isaac Sim,Rover,Free to use,Yes,Yes,All tools available for robot manipulation and simulation. It has a photorealistic interface.,Python,"Obj,GLTF,FBX,BMP,DDS,EXR,GIF,HDR,JPEG,JPG,TIF,PNG,PSD,TGA",PhysX,Windows and Ubuntu,Good,Easy
3,5.3,48.4,32.51,41.0,Isaac Sim,Rover,Free to use,Yes,Yes,All tools available for robot manipulation and simulation. It has a photorealistic interface.,Python,"Obj,GLTF,FBX,BMP,DDS,EXR,GIF,HDR,JPEG,JPG,TIF,PNG,PSD,TGA",PhysX,Windows and Ubuntu,Good,Easy
4,8.4,48.4,32.52,39.0,Isaac Sim,Rover,Free to use,Yes,Yes,All tools available for robot manipulation and simulation. It has a photorealistic interface.,Python,"Obj,GLTF,FBX,BMP,DDS,EXR,GIF,HDR,JPEG,JPG,TIF,PNG,PSD,TGA",PhysX,Windows and Ubuntu,Good,Easy
5,4.9,48.4,32.68,39.0,Isaac Sim,Rover,Free to use,Yes,Yes,All tools available for robot manipulation and simulation. It has a photorealistic interface.,Python,"Obj,GLTF,FBX,BMP,DDS,EXR,GIF,HDR,JPEG,JPG,TIF,PNG,PSD,TGA",PhysX,Windows and Ubuntu,Good,Easy
6,4.4,48.5,32.67,38.0,Isaac Sim,Rover,Free to use,Yes,Yes,All tools available for robot manipulation and simulation. It has a photorealistic interface.,Python,"Obj,GLTF,FBX,BMP,DDS,EXR,GIF,HDR,JPEG,JPG,TIF,PNG,PSD,TGA",PhysX,Windows and Ubuntu,Good,Easy
7,8.1,48.5,32.52,40.0,Isaac Sim,Rover,Free to use,Yes,Yes,All tools available for robot manipulation and simulation. It has a photorealistic interface.,Python,"Obj,GLTF,FBX,BMP,DDS,EXR,GIF,HDR,JPEG,JPG,TIF,PNG,PSD,TGA",PhysX,Windows and Ubuntu,Good,Easy
8,5.8,48.5,32.54,37.0,Isaac Sim,Rover,Free to use,Yes,Yes,All tools available for robot manipulation and simulation. It has a photorealistic interface.,Python,"Obj,GLTF,FBX,BMP,DDS,EXR,GIF,HDR,JPEG,JPG,TIF,PNG,PSD,TGA",PhysX,Windows and Ubuntu,Good,Easy
9,6.0,48.5,32.68,37.0,Isaac Sim,Rover,Free to use,Yes,Yes,All tools available for robot manipulation and simulation. It has a photorealistic interface.,Python,"Obj,GLTF,FBX,BMP,DDS,EXR,GIF,HDR,JPEG,JPG,TIF,PNG,PSD,TGA",PhysX,Windows and Ubuntu,Good,Easy
10,5.8,48.5,32.69,39.0,Isaac Sim,Rover,Free to use,Yes,Yes,All tools available for robot manipulation and simulation. It has a photorealistic interface.,Python,"Obj,GLTF,FBX,BMP,DDS,EXR,GIF,HDR,JPEG,JPG,TIF,PNG,PSD,TGA",PhysX,Windows and Ubuntu,Good,Easy
11,6.0,48.5,32.71,39.0,Isaac Sim,Rover,Free to use,Yes,Yes,All tools available for robot manipulation and simulation. It has a photorealistic interface.,Python,"Obj,GLTF,FBX,BMP,DDS,EXR,GIF,HDR,JPEG,JPG,TIF,PNG,PSD,TGA",PhysX,Windows and Ubuntu,Good,Easy
12,5.4,48.5,32.54,39.0,Isaac Sim,Rover,Free to use,Yes,Yes,All tools available for robot manipulation and simulation. It has a photorealistic interface.,Python,"Obj,GLTF,FBX,BMP,DDS,EXR,GIF,HDR,JPEG,JPG,TIF,PNG,PSD,TGA",PhysX,Windows and Ubuntu,Good,Easy
13,5.0,48.5,32.52,38.0,Isaac Sim,Rover,Free to use,Yes,Yes,All tools available for robot manipulation and simulation. It has a photorealistic interface.,Python,"Obj,GLTF,FBX,BMP,DDS,EXR,GIF,HDR,JPEG,JPG,TIF,PNG,PSD,TGA",PhysX,Windows and Ubuntu,Good,Easy
14,6.5,48.5,32.66,39.0,Isaac Sim,Rover,Free to use,Yes,Yes,All tools available for robot manipulation and simulation. It has a photorealistic interface.,Python,"Obj,GLTF,FBX,BMP,DDS,EXR,GIF,HDR,JPEG,JPG,TIF,PNG,PSD,TGA",PhysX,Windows and Ubuntu,Good,Easy
15,4.5,48.5,32.7,40.0,Isaac Sim,Rover,Free to use,Yes,Yes,All tools available for robot manipulation and simulation. It has a photorealistic interface.,Python,"Obj,GLTF,FBX,BMP,DDS,EXR,GIF,HDR,JPEG,JPG,TIF,PNG,PSD,TGA",PhysX,Windows and Ubuntu,Good,Easy
1,278.6,0.28661304,18.92,0.0,CoppeliaSim,Rover,Free for education purposes,Yes,Both ROS1 and ROS2 supported,All tools available for manipulating the environments as well as the objects in the environment,"C/C++, Lua, Python, Java, Matlab, Octave","URDF, SDF, Stl, Obj, Dxf, Collada","Bullet, ODE, Newton and Vortex","Windows, Ubuntu, MacOS",Average,Easy
2,278.6,0.28661304,17.99,0.0,CoppeliaSim,Rover,Free for education purposes,Yes,Both ROS1 and ROS2 supported,All tools available for manipulating the environments as well as the objects in the environment,"C/C++, Lua, Python, Java, Matlab, Octave","URDF, SDF, Stl, Obj, Dxf, Collada","Bullet, ODE, Newton and Vortex","Windows, Ubuntu, MacOS",Average,Easy
3,276.6,0.28661304,16.85,0.0,CoppeliaSim,Rover,Free for education purposes,Yes,Both ROS1 and ROS2 supported,All tools available for manipulating the environments as well as the objects in the environment,"C/C++, Lua, Python, Java, Matlab, Octave","URDF, SDF, Stl, Obj, Dxf, Collada","Bullet, ODE, Newton and Vortex","Windows, Ubuntu, MacOS",Average,Easy
4,283.6,0.28661304,16.16,0.0,CoppeliaSim,Rover,Free for education purposes,Yes,Both ROS1 and ROS2 supported,All tools available for manipulating the environments as well as the objects in the environment,"C/C++, Lua, Python, Java, Matlab, Octave","URDF, SDF, Stl, Obj, Dxf, Collada","Bullet, ODE, Newton and Vortex","Windows, Ubuntu, MacOS",Average,Easy
5,276.6,0.28661304,19.85,0.0,CoppeliaSim,Rover,Free for education purposes,Yes,Both ROS1 and ROS2 supported,All tools available for manipulating the environments as well as the objects in the environment,"C/C++, Lua, Python, Java, Matlab, Octave","URDF, SDF, Stl, Obj, Dxf, Collada","Bullet, ODE, Newton and Vortex","Windows, Ubuntu, MacOS",Average,Easy
6,277.6,0.28661304,19.34,0.0,CoppeliaSim,Rover,Free for education purposes,Yes,Both ROS1 and ROS2 supported,All tools available for manipulating the environments as well as the objects in the environment,"C/C++, Lua, Python, Java, Matlab, Octave","URDF, SDF, Stl, Obj, Dxf, Collada","Bullet, ODE, Newton and Vortex","Windows, Ubuntu, MacOS",Average,Easy
7,273.6,0.28661304,18.62,0.0,CoppeliaSim,Rover,Free for education purposes,Yes,Both ROS1 and ROS2 supported,All tools available for manipulating the environments as well as the objects in the environment,"C/C++, Lua, Python, Java, Matlab, Octave","URDF, SDF, Stl, Obj, Dxf, Collada","Bullet, ODE, Newton and Vortex","Windows, Ubuntu, MacOS",Average,Easy
8,279.6,0.28661304,18.68,0.0,CoppeliaSim,Rover,Free for education purposes,Yes,Both ROS1 and ROS2 supported,All tools available for manipulating the environments as well as the objects in the environment,"C/C++, Lua, Python, Java, Matlab, Octave","URDF, SDF, Stl, Obj, Dxf, Collada","Bullet, ODE, Newton and Vortex","Windows, Ubuntu, MacOS",Average,Easy
9,280.6,0.28661304,17.88,0.0,CoppeliaSim,Rover,Free for education purposes,Yes,Both ROS1 and ROS2 supported,All tools available for manipulating the environments as well as the objects in the environment,"C/C++, Lua, Python, Java, Matlab, Octave","URDF, SDF, Stl, Obj, Dxf, Collada","Bullet, ODE, Newton and Vortex","Windows, Ubuntu, MacOS",Average,Easy
10,282.6,0.28661304,19.31,0.0,CoppeliaSim,Rover,Free for education purposes,Yes,Both ROS1 and ROS2 supported,All tools available for manipulating the environments as well as the objects in the environment,"C/C++, Lua, Python, Java, Matlab, Octave","URDF, SDF, Stl, Obj, Dxf, Collada","Bullet, ODE, Newton and Vortex","Windows, Ubuntu, MacOS",Average,Easy
11,277.6,0.28661304,19.79,0.0,CoppeliaSim,Rover,Free for education purposes,Yes,Both ROS1 and ROS2 supported,All tools available for manipulating the environments as well as the objects in the environment,"C/C++, Lua, Python, Java, Matlab, Octave","URDF, SDF, Stl, Obj, Dxf, Collada","Bullet, ODE, Newton and Vortex","Windows, Ubuntu, MacOS",Average,Easy
12,281.6,0.28661304,19.17,0.0,CoppeliaSim,Rover,Free for education purposes,Yes,Both ROS1 and ROS2 supported,All tools available for manipulating the environments as well as the objects in the environment,"C/C++, Lua, Python, Java, Matlab, Octave","URDF, SDF, Stl, Obj, Dxf, Collada","Bullet, ODE, Newton and Vortex","Windows, Ubuntu, MacOS",Average,Easy
13,280.6,0.28661304,19.39,0.0,CoppeliaSim,Rover,Free for education purposes,Yes,Both ROS1 and ROS2 supported,All tools available for manipulating the environments as well as the objects in the environment,"C/C++, Lua, Python, Java, Matlab, Octave","URDF, SDF, Stl, Obj, Dxf, Collada","Bullet, ODE, Newton and Vortex","Windows, Ubuntu, MacOS",Average,Easy
14,270.6,0.28661304,17.95,0.0,CoppeliaSim,Rover,Free for education purposes,Yes,Both ROS1 and ROS2 supported,All tools available for manipulating the environments as well as the objects in the environment,"C/C++, Lua, Python, Java, Matlab, Octave","URDF, SDF, Stl, Obj, Dxf, Collada","Bullet, ODE, Newton and Vortex","Windows, Ubuntu, MacOS",Average,Easy
15,279.6,0.28661304,17.8,0.0,CoppeliaSim,Rover,Free for education purposes,Yes,Both ROS1 and ROS2 supported,All tools available for manipulating the environments as well as the objects in the environment,"C/C++, Lua, Python, Java, Matlab, Octave","URDF, SDF, Stl, Obj, Dxf, Collada","Bullet, ODE, Newton and Vortex","Windows, Ubuntu, MacOS",Average,Easy
1,67.8,3.8,0.0,23.35,Gazebo,Create,Free for all use cases,Yes,Compatible with both ROS1 and ROS2,Provides a powerful user interface for designing and testing robotics,"C/C++, Python","SDF, URDF","ODE, Bullet, Simbody, DART","Linux (Ubuntu, Fedora), with limited support on macOS and Windows via Docker or Virtual Machine",Best,Difficult
2,66.8,3.8,0.0,25.51,Gazebo,Create,Free for all use cases,Yes,Compatible with both ROS1 and ROS2,Provides a powerful user interface for designing and testing robotics,"C/C++, Python","SDF, URDF","ODE, Bullet, Simbody, DART","Linux (Ubuntu, Fedora), with limited support on macOS and Windows via Docker or Virtual Machine",Best,Difficult
3,63.3,3.8,0.0,26.77,Gazebo,Create,Free for all use cases,Yes,Compatible with both ROS1 and ROS2,Provides a powerful user interface for designing and testing robotics,"C/C++, Python","SDF, URDF","ODE, Bullet, Simbody, DART","Linux (Ubuntu, Fedora), with limited support on macOS and Windows via Docker or Virtual Machine",Best,Difficult
4,63.0,3.8,0.0,27.63,Gazebo,Create,Free for all use cases,Yes,Compatible with both ROS1 and ROS2,Provides a powerful user interface for designing and testing robotics,"C/C++, Python","SDF, URDF","ODE, Bullet, Simbody, DART","Linux (Ubuntu, Fedora), with limited support on macOS and Windows via Docker or Virtual Machine",Best,Difficult
5,63.1,3.8,0.0,28.2,Gazebo,Create,Free for all use cases,Yes,Compatible with both ROS1 and ROS2,Provides a powerful user interface for designing and testing robotics,"C/C++, Python","SDF, URDF","ODE, Bullet, Simbody, DART","Linux (Ubuntu, Fedora), with limited support on macOS and Windows via Docker or Virtual Machine",Best,Difficult
6,65.5,3.8,0.0,28.63,Gazebo,Create,Free for all use cases,Yes,Compatible with both ROS1 and ROS2,Provides a powerful user interface for designing and testing robotics,"C/C++, Python","SDF, URDF","ODE, Bullet, Simbody, DART","Linux (Ubuntu, Fedora), with limited support on macOS and Windows via Docker or Virtual Machine",Best,Difficult
7,65.2,3.8,0.0,28.95,Gazebo,Create,Free for all use cases,Yes,Compatible with both ROS1 and ROS2,Provides a powerful user interface for designing and testing robotics,"C/C++, Python","SDF, URDF","ODE, Bullet, Simbody, DART","Linux (Ubuntu, Fedora), with limited support on macOS and Windows via Docker or Virtual Machine",Best,Difficult
8,63.0,3.8,0.0,29.23,Gazebo,Create,Free for all use cases,Yes,Compatible with both ROS1 and ROS2,Provides a powerful user interface for designing and testing robotics,"C/C++, Python","SDF, URDF","ODE, Bullet, Simbody, DART","Linux (Ubuntu, Fedora), with limited support on macOS and Windows via Docker or Virtual Machine",Best,Difficult
9,64.6,3.8,0.0,29.43,Gazebo,Create,Free for all use cases,Yes,Compatible with both ROS1 and ROS2,Provides a powerful user interface for designing and testing robotics,"C/C++, Python","SDF, URDF","ODE, Bullet, Simbody, DART","Linux (Ubuntu, Fedora), with limited support on macOS and Windows via Docker or Virtual Machine",Best,Difficult
10,66.5,3.8,0.0,29.59,Gazebo,Create,Free for all use cases,Yes,Compatible with both ROS1 and ROS2,Provides a powerful user interface for designing and testing robotics,"C/C++, Python","SDF, URDF","ODE, Bullet, Simbody, DART","Linux (Ubuntu, Fedora), with limited support on macOS and Windows via Docker or Virtual Machine",Best,Difficult
11,65.5,3.8,0.0,29.73,Gazebo,Create,Free for all use cases,Yes,Compatible with both ROS1 and ROS2,Provides a powerful user interface for designing and testing robotics,"C/C++, Python","SDF, URDF","ODE, Bullet, Simbody, DART","Linux (Ubuntu, Fedora), with limited support on macOS and Windows via Docker or Virtual Machine",Best,Difficult
12,63.9,3.8,0.0,29.85,Gazebo,Create,Free for all use cases,Yes,Compatible with both ROS1 and ROS2,Provides a powerful user interface for designing and testing robotics,"C/C++, Python","SDF, URDF","ODE, Bullet, Simbody, DART","Linux (Ubuntu, Fedora), with limited support on macOS and Windows via Docker or Virtual Machine",Best,Difficult
13,62.8,3.8,0.0,29.95,Gazebo,Create,Free for all use cases,Yes,Compatible with both ROS1 and ROS2,Provides a powerful user interface for designing and testing robotics,"C/C++, Python","SDF, URDF","ODE, Bullet, Simbody, DART","Linux (Ubuntu, Fedora), with limited support on macOS and Windows via Docker or Virtual Machine",Best,Difficult
14,63.9,3.8,0.0,30.07,Gazebo,Create,Free for all use cases,Yes,Compatible with both ROS1 and ROS2,Provides a powerful user interface for designing and testing robotics,"C/C++, Python","SDF, URDF","ODE, Bullet, Simbody, DART","Linux (Ubuntu, Fedora), with limited support on macOS and Windows via Docker or Virtual Machine",Best,Difficult
15,62.9,3.8,0.0,30.13,Gazebo,Create,Free for all use cases,Yes,Compatible with both ROS1 and ROS2,Provides a powerful user interface for designing and testing robotics,"C/C++, Python","SDF, URDF","ODE, Bullet, Simbody, DART","Linux (Ubuntu, Fedora), with limited support on macOS and Windows via Docker or Virtual Machine",Best,Difficult
1,2.9,47.0,36.0,32.68,Isaac Sim,Create,Free to use,Yes,Yes,All tools available for robot manipulation and simulation. It has a photorealistic interface.,Python,"Obj,GLTF,FBX,BMP,DDS,EXR,GIF,HDR,JPEG,JPG,TIF,PNG,PSD,TGA",PhysX,Windows and Ubuntu,Good,Easy
2,3.0,47.0,31.0,32.72,Isaac Sim,Create,Free to use,Yes,Yes,All tools available for robot manipulation and simulation. It has a photorealistic interface.,Python,"Obj,GLTF,FBX,BMP,DDS,EXR,GIF,HDR,JPEG,JPG,TIF,PNG,PSD,TGA",PhysX,Windows and Ubuntu,Good,Easy
3,4.8,47.0,41.0,32.54,Isaac Sim,Create,Free to use,Yes,Yes,All tools available for robot manipulation and simulation. It has a photorealistic interface.,Python,"Obj,GLTF,FBX,BMP,DDS,EXR,GIF,HDR,JPEG,JPG,TIF,PNG,PSD,TGA",PhysX,Windows and Ubuntu,Good,Easy
4,2.6,47.0,32.0,32.54,Isaac Sim,Create,Free to use,Yes,Yes,All tools available for robot manipulation and simulation. It has a photorealistic interface.,Python,"Obj,GLTF,FBX,BMP,DDS,EXR,GIF,HDR,JPEG,JPG,TIF,PNG,PSD,TGA",PhysX,Windows and Ubuntu,Good,Easy
5,4.8,47.0,37.0,32.68,Isaac Sim,Create,Free to use,Yes,Yes,All tools available for robot manipulation and simulation. It has a photorealistic interface.,Python,"Obj,GLTF,FBX,BMP,DDS,EXR,GIF,HDR,JPEG,JPG,TIF,PNG,PSD,TGA",PhysX,Windows and Ubuntu,Good,Easy
6,4.4,47.0,27.0,32.67,Isaac Sim,Create,Free to use,Yes,Yes,All tools available for robot manipulation and simulation. It has a photorealistic interface.,Python,"Obj,GLTF,FBX,BMP,DDS,EXR,GIF,HDR,JPEG,JPG,TIF,PNG,PSD,TGA",PhysX,Windows and Ubuntu,Good,Easy
7,4.5,47.0,30.0,32.72,Isaac Sim,Create,Free to use,Yes,Yes,All tools available for robot manipulation and simulation. It has a photorealistic interface.,Python,"Obj,GLTF,FBX,BMP,DDS,EXR,GIF,HDR,JPEG,JPG,TIF,PNG,PSD,TGA",PhysX,Windows and Ubuntu,Good,Easy
8,2.5,47.0,38.0,32.71,Isaac Sim,Create,Free to use,Yes,Yes,All tools available for robot manipulation and simulation. It has a photorealistic interface.,Python,"Obj,GLTF,FBX,BMP,DDS,EXR,GIF,HDR,JPEG,JPG,TIF,PNG,PSD,TGA",PhysX,Windows and Ubuntu,Good,Easy
9,3.2,47.0,39.0,32.71,Isaac Sim,Create,Free to use,Yes,Yes,All tools available for robot manipulation and simulation. It has a photorealistic interface.,Python,"Obj,GLTF,FBX,BMP,DDS,EXR,GIF,HDR,JPEG,JPG,TIF,PNG,PSD,TGA",PhysX,Windows and Ubuntu,Good,Easy
10,5.3,47.0,36.0,32.67,Isaac Sim,Create,Free to use,Yes,Yes,All tools available for robot manipulation and simulation. It has a photorealistic interface.,Python,"Obj,GLTF,FBX,BMP,DDS,EXR,GIF,HDR,JPEG,JPG,TIF,PNG,PSD,TGA",PhysX,Windows and Ubuntu,Good,Easy
11,3.8,47.0,38.0,32.7,Isaac Sim,Create,Free to use,Yes,Yes,All tools available for robot manipulation and simulation. It has a photorealistic interface.,Python,"Obj,GLTF,FBX,BMP,DDS,EXR,GIF,HDR,JPEG,JPG,TIF,PNG,PSD,TGA",PhysX,Windows and Ubuntu,Good,Easy
12,3.6,47.0,41.0,32.7,Isaac Sim,Create,Free to use,Yes,Yes,All tools available for robot manipulation and simulation. It has a photorealistic interface.,Python,"Obj,GLTF,FBX,BMP,DDS,EXR,GIF,HDR,JPEG,JPG,TIF,PNG,PSD,TGA",PhysX,Windows and Ubuntu,Good,Easy
13,4.1,47.0,31.0,32.52,Isaac Sim,Create,Free to use,Yes,Yes,All tools available for robot manipulation and simulation. It has a photorealistic interface.,Python,"Obj,GLTF,FBX,BMP,DDS,EXR,GIF,HDR,JPEG,JPG,TIF,PNG,PSD,TGA",PhysX,Windows and Ubuntu,Good,Easy
14,2.9,47.0,30.0,32.52,Isaac Sim,Create,Free to use,Yes,Yes,All tools available for robot manipulation and simulation. It has a photorealistic interface.,Python,"Obj,GLTF,FBX,BMP,DDS,EXR,GIF,HDR,JPEG,JPG,TIF,PNG,PSD,TGA",PhysX,Windows and Ubuntu,Good,Easy
15,3.2,47.0,38.0,32.73,Isaac Sim,Create,Free to use,Yes,Yes,All tools available for robot manipulation and simulation. It has a photorealistic interface.,Python,"Obj,GLTF,FBX,BMP,DDS,EXR,GIF,HDR,JPEG,JPG,TIF,PNG,PSD,TGA",PhysX,Windows and Ubuntu,Good,Easy
1,6.2,78.3,0.0,16.12629425854797,Webots,Create,Free for all Use Cases,Yes,Compatible with both ROS1 and ROS2,"Object level functionality to add,update and delete features in the environment","C/Cpp , Java , Python, MATLAB","PROTO, VRML97, URDF,SDF,X3D","ODE/ODE2, Bullet Physics, Vortex, Simbody","Windows, Fedora,Ubuntu,CentOS, macOS",Good,Easy
2,6.2,78.3,0.0,21.783499961048065,Webots,Create,Free for all Use Cases,Yes,Compatible with both ROS1 and ROS2,"Object level functionality to add,update and delete features in the environment","C/Cpp , Java , Python, MATLAB","PROTO, VRML97, URDF,SDF,X3D","ODE/ODE2, Bullet Physics, Vortex, Simbody","Windows, Fedora,Ubuntu,CentOS, macOS",Good,Easy
3,6.2,78.3,0.0,29.59815338974499,Webots,Create,Free for all Use Cases,Yes,Compatible with both ROS1 and ROS2,"Object level functionality to add,update and delete features in the environment","C/Cpp , Java , Python, MATLAB","PROTO, VRML97, URDF,SDF,X3D","ODE/ODE2, Bullet Physics, Vortex, Simbody","Windows, Fedora,Ubuntu,CentOS, macOS",Good,Easy
4,6.2,78.3,0.0,29.738972774170158,Webots,Create,Free for all Use Cases,Yes,Compatible with both ROS1 and ROS2,"Object level functionality to add,update and delete features in the environment","C/Cpp , Java , Python, MATLAB","PROTO, VRML97, URDF,SDF,X3D","ODE/ODE2, Bullet Physics, Vortex, Simbody","Windows, Fedora,Ubuntu,CentOS, macOS",Good,Easy
5,4.2,78.3,0.0,29.551439472771417,Webots,Create,Free for all Use Cases,Yes,Compatible with both ROS1 and ROS2,"Object level functionality to add,update and delete features in the environment","C/Cpp , Java , Python, MATLAB","PROTO, VRML97, URDF,SDF,X3D","ODE/ODE2, Bullet Physics, Vortex, Simbody","Windows, Fedora,Ubuntu,CentOS, macOS",Good,Easy
6,11.8,78.3,0.0,29.57283334203792,Webots,Create,Free for all Use Cases,Yes,Compatible with both ROS1 and ROS2,"Object level functionality to add,update and delete features in the environment","C/Cpp , Java , Python, MATLAB","PROTO, VRML97, URDF,SDF,X3D","ODE/ODE2, Bullet Physics, Vortex, Simbody","Windows, Fedora,Ubuntu,CentOS, macOS",Good,Easy
7,6.7,78.3,0.0,30.46745018462355,Webots,Create,Free for all Use Cases,Yes,Compatible with both ROS1 and ROS2,"Object level functionality to add,update and delete features in the environment","C/Cpp , Java , Python, MATLAB","PROTO, VRML97, URDF,SDF,X3D","ODE/ODE2, Bullet Physics, Vortex, Simbody","Windows, Fedora,Ubuntu,CentOS, macOS",Good,Easy
8,5.9,78.3,0.0,30.526481391002037,Webots,Create,Free for all Use Cases,Yes,Compatible with both ROS1 and ROS2,"Object level functionality to add,update and delete features in the environment","C/Cpp , Java , Python, MATLAB","PROTO, VRML97, URDF,SDF,X3D","ODE/ODE2, Bullet Physics, Vortex, Simbody","Windows, Fedora,Ubuntu,CentOS, macOS",Good,Easy
9,6.2,78.3,0.0,30.354106690943343,Webots,Create,Free for all Use Cases,Yes,Compatible with both ROS1 and ROS2,"Object level functionality to add,update and delete features in the environment","C/Cpp , Java , Python, MATLAB","PROTO, VRML97, URDF,SDF,X3D","ODE/ODE2, Bullet Physics, Vortex, Simbody","Windows, Fedora,Ubuntu,CentOS, macOS",Good,Easy
10,6.2,78.3,0.0,30.18047716050306,Webots,Create,Free for all Use Cases,Yes,Compatible with both ROS1 and ROS2,"Object level functionality to add,update and delete features in the environment","C/Cpp , Java , Python, MATLAB","PROTO, VRML97, URDF,SDF,X3D","ODE/ODE2, Bullet Physics, Vortex, Simbody","Windows, Fedora,Ubuntu,CentOS, macOS",Good,Easy
11,13.3,78.3,0.0,30.237805303266303,Webots,Create,Free for all Use Cases,Yes,Compatible with both ROS1 and ROS2,"Object level functionality to add,update and delete features in the environment","C/Cpp , Java , Python, MATLAB","PROTO, VRML97, URDF,SDF,X3D","ODE/ODE2, Bullet Physics, Vortex, Simbody","Windows, Fedora,Ubuntu,CentOS, macOS",Good,Easy
12,11.1,78.3,0.0,30.533160763882165,Webots,Create,Free for all Use Cases,Yes,Compatible with both ROS1 and ROS2,"Object level functionality to add,update and delete features in the environment","C/Cpp , Java , Python, MATLAB","PROTO, VRML97, URDF,SDF,X3D","ODE/ODE2, Bullet Physics, Vortex, Simbody","Windows, Fedora,Ubuntu,CentOS, macOS",Good,Easy
13,6.2,78.3,0.0,30.637216413462344,Webots,Create,Free for all Use Cases,Yes,Compatible with both ROS1 and ROS2,"Object level functionality to add,update and delete features in the environment","C/Cpp , Java , Python, MATLAB","PROTO, VRML97, URDF,SDF,X3D","ODE/ODE2, Bullet Physics, Vortex, Simbody","Windows, Fedora,Ubuntu,CentOS, macOS",Good,Easy
14,6.2,78.3,0.0,30.66536475213947,Webots,Create,Free for all Use Cases,Yes,Compatible with both ROS1 and ROS2,"Object level functionality to add,update and delete features in the environment","C/Cpp , Java , Python, MATLAB","PROTO, VRML97, URDF,SDF,X3D","ODE/ODE2, Bullet Physics, Vortex, Simbody","Windows, Fedora,Ubuntu,CentOS, macOS",Good,Easy
15,6.7,78.3,0.0,30.598277642176686,Webots,Create,Free for all Use Cases,Yes,Compatible with both ROS1 and ROS2,"Object level functionality to add,update and delete features in the environment","C/Cpp , Java , Python, MATLAB","PROTO, VRML97, URDF,SDF,X3D","ODE/ODE2, Bullet Physics, Vortex, Simbody","Windows, Fedora,Ubuntu,CentOS, macOS",Good,Easy
1,282.6,0.25660892,0.0,21.4503,CoppeliaSim,Create,Free for education purposes,Yes,Both ROS1 and ROS2 supported,All tools available for manipulating the environments as well as the objects in the environment,"C/C++, Lua, Python, Java, Matlab, Octave","URDF, SDF, Stl, Obj, Dxf, Collada","Bullet, ODE, Newton and Vortex","Windows, Ubuntu, MacOS",Average,Easy
2,288.6,0.25660892,0.0,20.4155,CoppeliaSim,Create,Free for education purposes,Yes,Both ROS1 and ROS2 supported,All tools available for manipulating the environments as well as the objects in the environment,"C/C++, Lua, Python, Java, Matlab, Octave","URDF, SDF, Stl, Obj, Dxf, Collada","Bullet, ODE, Newton and Vortex","Windows, Ubuntu, MacOS",Average,Easy
3,286.6,0.25660892,0.0,20.5542,CoppeliaSim,Create,Free for education purposes,Yes,Both ROS1 and ROS2 supported,All tools available for manipulating the environments as well as the objects in the environment,"C/C++, Lua, Python, Java, Matlab, Octave","URDF, SDF, Stl, Obj, Dxf, Collada","Bullet, ODE, Newton and Vortex","Windows, Ubuntu, MacOS",Average,Easy
4,296.6,0.25660892,0.0,19.6757,CoppeliaSim,Create,Free for education purposes,Yes,Both ROS1 and ROS2 supported,All tools available for manipulating the environments as well as the objects in the environment,"C/C++, Lua, Python, Java, Matlab, Octave","URDF, SDF, Stl, Obj, Dxf, Collada","Bullet, ODE, Newton and Vortex","Windows, Ubuntu, MacOS",Average,Easy
5,292.6,0.25660892,0.0,19.4866,CoppeliaSim,Create,Free for education purposes,Yes,Both ROS1 and ROS2 supported,All tools available for manipulating the environments as well as the objects in the environment,"C/C++, Lua, Python, Java, Matlab, Octave","URDF, SDF, Stl, Obj, Dxf, Collada","Bullet, ODE, Newton and Vortex","Windows, Ubuntu, MacOS",Average,Easy
6,291.6,0.25660892,0.0,19.9598,CoppeliaSim,Create,Free for education purposes,Yes,Both ROS1 and ROS2 supported,All tools available for manipulating the environments as well as the objects in the environment,"C/C++, Lua, Python, Java, Matlab, Octave","URDF, SDF, Stl, Obj, Dxf, Collada","Bullet, ODE, Newton and Vortex","Windows, Ubuntu, MacOS",Average,Easy
7,278.6,0.25660892,0.0,19.5923,CoppeliaSim,Create,Free for education purposes,Yes,Both ROS1 and ROS2 supported,All tools available for manipulating the environments as well as the objects in the environment,"C/C++, Lua, Python, Java, Matlab, Octave","URDF, SDF, Stl, Obj, Dxf, Collada","Bullet, ODE, Newton and Vortex","Windows, Ubuntu, MacOS",Average,Easy
8,287.6,0.25660892,0.0,19.1743,CoppeliaSim,Create,Free for education purposes,Yes,Both ROS1 and ROS2 supported,All tools available for manipulating the environments as well as the objects in the environment,"C/C++, Lua, Python, Java, Matlab, Octave","URDF, SDF, Stl, Obj, Dxf, Collada","Bullet, ODE, Newton and Vortex","Windows, Ubuntu, MacOS",Average,Easy
9,291.5,0.25660892,0.0,19.1751,CoppeliaSim,Create,Free for education purposes,Yes,Both ROS1 and ROS2 supported,All tools available for manipulating the environments as well as the objects in the environment,"C/C++, Lua, Python, Java, Matlab, Octave","URDF, SDF, Stl, Obj, Dxf, Collada","Bullet, ODE, Newton and Vortex","Windows, Ubuntu, MacOS",Average,Easy
10,289.6,0.25660892,0.0,19.9133,CoppeliaSim,Create,Free for education purposes,Yes,Both ROS1 and ROS2 supported,All tools available for manipulating the environments as well as the objects in the environment,"C/C++, Lua, Python, Java, Matlab, Octave","URDF, SDF, Stl, Obj, Dxf, Collada","Bullet, ODE, Newton and Vortex","Windows, Ubuntu, MacOS",Average,Easy
11,293.6,0.24462425,0.0,20.5064,CoppeliaSim,Create,Free for education purposes,Yes,Both ROS1 and ROS2 supported,All tools available for manipulating the environments as well as the objects in the environment,"C/C++, Lua, Python, Java, Matlab, Octave","URDF, SDF, Stl, Obj, Dxf, Collada","Bullet, ODE, Newton and Vortex","Windows, Ubuntu, MacOS",Average,Easy
12,293.6,0.24462425,0.0,19.9058,CoppeliaSim,Create,Free for education purposes,Yes,Both ROS1 and ROS2 supported,All tools available for manipulating the environments as well as the objects in the environment,"C/C++, Lua, Python, Java, Matlab, Octave","URDF, SDF, Stl, Obj, Dxf, Collada","Bullet, ODE, Newton and Vortex","Windows, Ubuntu, MacOS",Average,Easy
13,289.6,0.24462425,0.0,19.8408,CoppeliaSim,Create,Free for education purposes,Yes,Both ROS1 and ROS2 supported,All tools available for manipulating the environments as well as the objects in the environment,"C/C++, Lua, Python, Java, Matlab, Octave","URDF, SDF, Stl, Obj, Dxf, Collada","Bullet, ODE, Newton and Vortex","Windows, Ubuntu, MacOS",Average,Easy
14,290.6,0.24462425,0.0,18.6448,CoppeliaSim,Create,Free for education purposes,Yes,Both ROS1 and ROS2 supported,All tools available for manipulating the environments as well as the objects in the environment,"C/C++, Lua, Python, Java, Matlab, Octave","URDF, SDF, Stl, Obj, Dxf, Collada","Bullet, ODE, Newton and Vortex","Windows, Ubuntu, MacOS",Average,Easy
15,278.6,0.24462425,0.0,20.1574,CoppeliaSim,Create,Free for education purposes,Yes,Both ROS1 and ROS2 supported,All tools available for manipulating the environments as well as the objects in the environment,"C/C++, Lua, Python, Java, Matlab, Octave","URDF, SDF, Stl, Obj, Dxf, Collada","Bullet, ODE, Newton and Vortex","Windows, Ubuntu, MacOS",Average,Easy
